Country,State,District,Year,"Average Out Of Pocket Expenditure For Each Delivery In Public Health Facility (UOM:INR(IndianRupees)), Scaling Factor:1","Children In The Age Group Of 12 To 23 Months Who Are Fully Immunized (Bacille Calmette-Guerin (Bcg), Measles, And 3 Doses Each Of Polio And Dpt) (%) (UOM:%(Percentage)), Scaling Factor:1","Children Under 5 Years Who Are Stunted (Height-For-Age) (%) (UOM:%(Percentage)), Scaling Factor:1","Institutional Births (%) (UOM:%(Percentage)), Scaling Factor:1","Institutional Births In Public Facility (%) (UOM:%(Percentage)), Scaling Factor:1","Mothers Who Had At Least 4 Antenatal Care Visits (%) (UOM:%(Percentage)), Scaling Factor:1","Non-Pregnant Women Age Group 15 To 49 Years Who Are Anaemic (%) (UOM:%(Percentage)), Scaling Factor:1","Population Living In Households With An Improved Drinking Water Source (%) (UOM:%(Percentage)), Scaling Factor:1","Population Living In Households With Electricity (%) (UOM:%(Percentage)), Scaling Factor:1","Pregnant Women Age Group 15 To 49 Years Who Are Anaemic (%) (UOM:%(Percentage)), Scaling Factor:1","Registered Pregnancies For Which The Mother Received A Mother And Child Protection Card (Mcp)(%) (UOM:%(Percentage)), Scaling Factor:1","Women Age Group 20 To 24 Years Married Before Age 18 Years (%) (UOM:%(Percentage)), Scaling Factor:1","Women With 10 Or More Years Of Schooling (%) (UOM:%(Percentage)), Scaling Factor:1"
India,Andaman And Nicobar Islands,Nicobars,"Calendar Year (Jan - Dec), 2019",2278,72.175,21.6,97.8,96.7,71.7,38.4,98.8,97.9,0,97.9,11.4,53.5
India,Andaman And Nicobar Islands,North And Middle Andaman,"Calendar Year (Jan - Dec), 2019",1904,0,27,97.7,95,79.2,62.5,92.2,93.2,0,99.2,15.4,41
India,Andaman And Nicobar Islands,South Andamans,"Calendar Year (Jan - Dec), 2019",3460,88.875,21.1,99.5,83.8,85.9,57.6,97.9,99.6,0,98.9,17.1,57.5
India,Andhra Pradesh,Ananthapuramu,"Calendar Year (Jan - Dec), 2019",2682,90.15,36,94.7,60.3,66.6,50.3,98.8,99.6,54.9,100,37.3,31.3
India,Andhra Pradesh,Chittoor,"Calendar Year (Jan - Dec), 2019",2533,86.075,27.1,97.1,66.5,65.3,51.8,98.5,99.7,52.7,98.2,28.1,40.3
India,Andhra Pradesh,East Godavari,"Calendar Year (Jan - Dec), 2019",8159,79.9,23.1,96.6,46,51,63.2,97.9,98.8,0,91.4,26,43.2
India,Andhra Pradesh,Guntur,"Calendar Year (Jan - Dec), 2019",3912,90.975,23.8,98.6,49.6,62.5,59.8,99.3,99.2,51.9,96,35.4,32.6
India,Andhra Pradesh,Krishna,"Calendar Year (Jan - Dec), 2019",3715,91.95,29.8,98.9,40.1,73.3,60.4,94.4,99.6,0,96.4,25.3,46.2
India,Andhra Pradesh,Kurnool,"Calendar Year (Jan - Dec), 2019",2094,83.825,50.5,88.5,51.1,74.3,58.3,97.9,99.9,67.8,95.6,36.9,33.4
India,Andhra Pradesh,Prakasam,"Calendar Year (Jan - Dec), 2019",0,71.4,22.6,97.4,18.1,73.4,60.6,98.6,99.3,0,92.8,37.3,34.5
India,Andhra Pradesh,Sri Potti Sriramulu Nellore,"Calendar Year (Jan - Dec), 2019",1104,80.2,29.2,97,34.9,73,59.6,95.6,99.1,0,92.8,23.8,38.7
India,Andhra Pradesh,Srikakulam,"Calendar Year (Jan - Dec), 2019",3479,89.775,19.7,97.9,52.2,78.4,62.8,87.7,99.9,0,100,25.4,42.5
India,Andhra Pradesh,Visakhapatnam,"Calendar Year (Jan - Dec), 2019",2200,90,31,95.3,69.3,58.6,58.6,91.8,99.6,0,97,25.4,46
India,Andhra Pradesh,Vizianagaram,"Calendar Year (Jan - Dec), 2019",1931,89.9,36.4,99,70.6,71.4,64.6,93.1,99.5,0,98.8,33.7,37.6
India,Andhra Pradesh,West Godavari,"Calendar Year (Jan - Dec), 2019",2318,88.875,31.4,98.7,48.8,62.7,63.1,99.1,99.3,0,100,22.1,46.5
India,Andhra Pradesh,Y.S.R.,"Calendar Year (Jan - Dec), 2019",3389,88.625,34.4,99.4,40.7,82.8,56.1,99.9,99.8,57.6,97.7,25.6,40
India,Arunachal Pradesh,Anjaw,"Calendar Year (Jan - Dec), 2019",6515,97.05,23.6,78,76.9,32.3,36.9,86.6,96.4,19.7,97.9,21.8,28.8
India,Arunachal Pradesh,Changlang,"Calendar Year (Jan - Dec), 2019",6643,81.45,26.3,75.1,69.3,46.9,57.1,81.8,95.2,60.6,99.3,16.8,30.5
India,Arunachal Pradesh,Dibang Valley,"Calendar Year (Jan - Dec), 2019",7050,92.35,16.9,85.5,78.8,40.4,64.3,100,79.2,39,95.8,20.7,43.2
India,Arunachal Pradesh,East Kameng,"Calendar Year (Jan - Dec), 2019",8612,75.825,35.7,76,74.2,29.1,26.9,93.6,86.3,13.1,93,26.5,31.8
India,Arunachal Pradesh,East Siang,"Calendar Year (Jan - Dec), 2019",12217,74.225,24.6,90.8,85.4,34.3,35.3,97.3,97.3,32.8,94.4,14.9,55.6
India,Arunachal Pradesh,Kra Daadi,"Calendar Year (Jan - Dec), 2019",20101,76.05,28.8,73.5,69.4,18.3,24.3,99.8,99.7,2,97.7,24.8,27.4
India,Arunachal Pradesh,Kurung Kumey,"Calendar Year (Jan - Dec), 2019",9838,86.875,29.2,69.2,64.2,44.1,35.5,99.8,99.2,,97,19.8,34.7
India,Arunachal Pradesh,Lohit,"Calendar Year (Jan - Dec), 2019",8236,87.675,24.5,90.2,84.6,39.6,47.6,96.9,98.9,33.2,96.9,20,37.3
India,Arunachal Pradesh,Longding,"Calendar Year (Jan - Dec), 2019",3778,62.1,15.8,64.5,62.8,39.6,35,62.5,97.4,19.1,97,7.9,27.7
India,Arunachal Pradesh,Lower Dibang Valley,"Calendar Year (Jan - Dec), 2019",6112,82.1,14.3,90.1,86.8,48.6,35.3,99.5,84.4,19.6,97.2,13.8,51.9
India,Arunachal Pradesh,Lower Subansiri,"Calendar Year (Jan - Dec), 2019",10266,76.725,30.7,89.8,86.8,39.1,41.1,98.1,97.8,22.1,92.3,16,49.9
India,Arunachal Pradesh,Namsai,"Calendar Year (Jan - Dec), 2019",4184,78.6,28.7,63.6,60.3,35.4,58.8,93.5,96.5,52.6,94.6,26.7,22.2
India,Arunachal Pradesh,Papum Pare,"Calendar Year (Jan - Dec), 2019",17185,76.4,29.7,88,77.3,39.3,39.4,92.9,98.7,18.6,91.4,25.4,50.5
India,Arunachal Pradesh,Siang,"Calendar Year (Jan - Dec), 2019",8478,74.925,21.3,81.1,79,31.1,24.4,96.3,99.6,15.4,97.1,10,50.6
India,Arunachal Pradesh,Tawang,"Calendar Year (Jan - Dec), 2019",5345,83.775,30.4,84.2,83.8,37.6,59.2,99.8,99.7,57.4,99.6,11.9,39.2
India,Arunachal Pradesh,Tirap,"Calendar Year (Jan - Dec), 2019",12104,77.55,38.6,70.2,62.8,35.7,32.4,93.8,98.8,24.1,97.6,12,40.2
India,Arunachal Pradesh,Upper Siang,"Calendar Year (Jan - Dec), 2019",12365,72.4,30.4,76,74.9,34,29.4,99.8,99.5,22.4,97.1,17.1,34.8
India,Arunachal Pradesh,Upper Subansiri,"Calendar Year (Jan - Dec), 2019",10087,81.025,36.8,77,76.2,32.1,36.6,94.7,87,37.9,98.6,26.7,31.8
India,Arunachal Pradesh,West Kameng,"Calendar Year (Jan - Dec), 2019",7645,72.15,24.2,93.6,92,27.6,38.4,99.8,97.5,18.2,90.1,12.5,43.6
India,Arunachal Pradesh,West Siang,"Calendar Year (Jan - Dec), 2019",14222,81.4,24.5,84.6,79.8,30.4,31.2,99.1,88.2,16.8,92.1,18.9,46.3
India,Assam,Baksa,"Calendar Year (Jan - Dec), 2019",7312,87.75,41.2,89.9,82.2,56,73.8,89.8,98.1,65.3,99.8,24.9,27.8
India,Assam,Barpeta,"Calendar Year (Jan - Dec), 2019",4829,79.8,29.8,87.6,82.3,43.6,65.6,98.1,88.9,47.6,99.1,40.1,31.7
India,Assam,Biswanath,"Calendar Year (Jan - Dec), 2019",3676,81.8,42.7,84.3,74,46.5,65.1,76.2,91.1,45.1,99.3,25.3,23
India,Assam,Bongaigaon,"Calendar Year (Jan - Dec), 2019",4778,83.35,46.2,84.5,74.9,33.9,71.4,95.3,97,51.2,98.5,41.7,28.6
India,Assam,Cachar,"Calendar Year (Jan - Dec), 2019",3799,80.525,28.7,79.2,74.9,32.7,58.2,43.8,81.7,44,98.2,29.9,25.8
India,Assam,Charaideo,"Calendar Year (Jan - Dec), 2019",4858,89.575,39,88.2,76.7,64.5,72.6,96.4,91.7,61.6,98.7,22.6,26.2
India,Assam,Chirang,"Calendar Year (Jan - Dec), 2019",5052,87.95,42.7,83.7,71.1,56.5,65.7,92.1,97.8,54.1,99.2,30.9,23
India,Assam,Darrang,"Calendar Year (Jan - Dec), 2019",7001,80.625,42,84.4,81.1,37.5,71.4,99.7,89.5,51.6,99,42.8,27.5
India,Assam,Dhemaji,"Calendar Year (Jan - Dec), 2019",5168,94.975,37.2,87.3,84.1,62.2,62.9,95.3,95,61.7,98.9,32,43.6
India,Assam,Dhubri,"Calendar Year (Jan - Dec), 2019",4691,83.625,48.5,64.2,61.8,37.6,63,96.7,92.5,69.7,98.2,50.8,20.4
India,Assam,Dibrugarh,"Calendar Year (Jan - Dec), 2019",5125,93.1,27.3,93.1,71.6,75.6,72,98.1,94.4,47.2,99.6,23,33.7
India,Assam,Dima Hasao,"Calendar Year (Jan - Dec), 2019",4825,77.125,30.6,89.5,84.6,46.9,61.1,50.2,95.9,43.3,99.2,16.5,42.4
India,Assam,Goalpara,"Calendar Year (Jan - Dec), 2019",4407,87.875,38.9,92.3,87.2,44.1,65.5,90.7,89.6,49.2,98.6,41.8,23.4
India,Assam,Golaghat,"Calendar Year (Jan - Dec), 2019",5186,86.175,26.3,90.4,81.4,65.7,77.2,93.7,96.4,76.7,100,20.7,27.9
India,Assam,Hailakandi,"Calendar Year (Jan - Dec), 2019",5090,84.425,42.9,83,75.1,43.1,61.5,41.2,91.2,58.7,100,32.9,25.3
India,Assam,Hojai,"Calendar Year (Jan - Dec), 2019",5299,65.775,39.3,82.1,59.4,51.3,56.6,99.9,96.3,51.4,98.3,30.9,23.1
India,Assam,Jorhat,"Calendar Year (Jan - Dec), 2019",8435,85.625,38.7,96.5,74.9,67,72.4,85.9,95.1,56.4,99.2,24.9,42.9
India,Assam,Kamrup,"Calendar Year (Jan - Dec), 2019",8654,82.425,22.6,85,69.8,46.9,71.7,92.1,94.8,66.5,95.5,21.9,39.2
India,Assam,Kamrup Metro,"Calendar Year (Jan - Dec), 2019",8275,75.35,25.4,89.1,55.7,68.9,75.2,87.2,99.2,56.4,98.3,21.9,49.1
India,Assam,Karbi Anglong,"Calendar Year (Jan - Dec), 2019",6822,76.525,31.6,74.9,69.2,63.9,59.5,79.6,97,42.1,96.4,26.1,30.3
India,Assam,Karimganj,"Calendar Year (Jan - Dec), 2019",4287,87.3,29.1,76.4,69.8,42.8,52.5,62.3,87.1,41.9,99.5,27.7,19.6
India,Assam,Kokrajhar,"Calendar Year (Jan - Dec), 2019",3780,77.725,34.6,81.9,76.8,36.9,59.5,87.3,93.9,59.5,98.4,36.2,27.5
India,Assam,Lakhimpur,"Calendar Year (Jan - Dec), 2019",5098,85.7,38.5,96.2,91.6,51.7,66.3,81.2,97.2,42.3,99.6,36.3,42.1
India,Assam,Majuli,"Calendar Year (Jan - Dec), 2019",6227,89.2,35.4,90.3,85.8,72.2,68.1,98.6,93.5,0,98.4,25.5,41.7
India,Assam,Marigaon,"Calendar Year (Jan - Dec), 2019",4379,85.8,43.2,88.3,82.8,42,64.9,94.6,89.5,48,98.7,39.1,24.5
India,Assam,Nagaon,"Calendar Year (Jan - Dec), 2019",5670,73.75,38.9,83.7,73.4,59.4,61,96.1,94.5,62.4,98.3,42.6,22.1
India,Assam,Nalbari,"Calendar Year (Jan - Dec), 2019",6478,84.05,27.5,91.8,69.2,55.9,66.9,99.5,94.7,53.2,96.9,28.1,41.6
India,Assam,Sivasagar,"Calendar Year (Jan - Dec), 2019",5466,89.65,26.1,95.3,76.2,80.9,68,92.7,97,54.3,100,27.9,47.1
India,Assam,Sonitpur,"Calendar Year (Jan - Dec), 2019",5123,81.025,36.7,83.5,73.1,45.5,64.3,82.9,88.2,47.3,98.5,24,24.3
India,Assam,South Salmara Mancachar,"Calendar Year (Jan - Dec), 2019",3092,84.575,38.9,71.7,69.9,35.3,58.2,98.2,79.5,37.6,99.4,44.7,20.9
India,Assam,Tinsukia,"Calendar Year (Jan - Dec), 2019",5163,91.95,32.8,82.6,66.2,63.1,72.9,96.8,95.7,71.7,100,19.8,25.6
India,Assam,Udalguri,"Calendar Year (Jan - Dec), 2019",6731,67.775,33.8,86.2,78.5,49.8,82.2,82.3,95.5,63.9,99.6,32,23.8
India,Assam,West Karbi Anglong,"Calendar Year (Jan - Dec), 2019",3597,70.625,40.9,72.5,68.9,46.7,58.8,44.7,94.7,38.8,98.7,21.3,21.7
India,Bihar,Araria,"Calendar Year (Jan - Dec), 2019",3606,79.425,49.9,66.2,51.5,25.8,67.7,100,96.2,70.5,90.6,52,16.8
India,Bihar,Arwal,"Calendar Year (Jan - Dec), 2019",1933,92.725,45.6,79.2,58.6,34.5,66.6,99.9,97.4,70.4,95.5,37.5,32.9
India,Bihar,Aurangabad,"Calendar Year (Jan - Dec), 2019",1804,95.85,41.2,77.5,61.9,29.3,60.9,100,97.7,53.1,92.3,27.3,36.9
India,Bihar,Banka,"Calendar Year (Jan - Dec), 2019",8076,94.05,46.7,79.8,68,31.7,65.7,96.3,96.2,68.6,84,49.4,22.6
India,Bihar,Begusarai,"Calendar Year (Jan - Dec), 2019",1710,83.2,37.8,86,63.6,21.6,63.2,99.1,96.2,58.7,87.8,49.5,34.1
India,Bihar,Bhagalpur,"Calendar Year (Jan - Dec), 2019",2975,88.075,40,77.2,52.1,27.6,73.7,98,94.5,63.7,85.4,42.4,35.1
India,Bihar,Bhojpur,"Calendar Year (Jan - Dec), 2019",2214,82.2,40.7,86.9,61.8,33.5,73.9,99.7,97.9,68.3,93.3,31.2,34.6
India,Bihar,Buxar,"Calendar Year (Jan - Dec), 2019",1686,88.325,39.6,89.5,50.9,27.4,67,99.8,98.5,55.1,92.2,30.8,33.3
India,Bihar,Darbhanga,"Calendar Year (Jan - Dec), 2019",3230,81.1,45.4,69.9,55.8,24.9,61.3,99.8,97.2,52.5,87.6,45.1,22.7
India,Bihar,Gaya,"Calendar Year (Jan - Dec), 2019",1927,93.225,47.4,76.6,49.1,25.1,64.3,99.2,97.9,64.4,93.4,42.8,30.7
India,Bihar,Gopalganj,"Calendar Year (Jan - Dec), 2019",2559,89.525,34.2,85.9,60.3,27.9,53.8,99.9,96.2,54,89.6,28,32.9
India,Bihar,Jamui,"Calendar Year (Jan - Dec), 2019",5290,82.2,43,73.4,53.3,37.9,76.2,90.5,97.9,60.6,87.8,51.9,20.6
India,Bihar,Jehanabad,"Calendar Year (Jan - Dec), 2019",1512,90.7,41.3,89.1,61.6,17.4,67.8,99.8,99.3,72.1,95.8,41.6,30.5
India,Bihar,Kaimur (Bhabua),"Calendar Year (Jan - Dec), 2019",1671,93.25,44.1,83.3,63.2,25.6,70.6,98,96.7,62.4,97.2,27.1,29.5
India,Bihar,Katihar,"Calendar Year (Jan - Dec), 2019",2333,85.075,43.9,66.9,59.9,15.3,68.9,99.2,92,61,91.7,49.4,19.8
India,Bihar,Khagaria,"Calendar Year (Jan - Dec), 2019",4327,84.125,34.8,74.2,64,17.4,59.1,98.8,94.5,62.9,89.5,44.9,26.6
India,Bihar,Kishanganj,"Calendar Year (Jan - Dec), 2019",4174,81.425,38.8,54.6,41.5,17.1,64.9,100,95.8,68.4,84.7,36.6,15
India,Bihar,Lakhisarai,"Calendar Year (Jan - Dec), 2019",9523,83.225,42.7,75.8,58.4,28,72.9,96.6,98,67.8,87.1,56.1,30
India,Bihar,Madhepura,"Calendar Year (Jan - Dec), 2019",982,86.25,46.3,75,68.8,20.9,65.4,99.3,97,69,95.6,52,23.2
India,Bihar,Madhubani,"Calendar Year (Jan - Dec), 2019",2426,88.225,43.3,73.7,52.4,34.9,60.9,100,98.6,68,91.5,39.2,26.5
India,Bihar,Munger,"Calendar Year (Jan - Dec), 2019",2461,85.7,35.5,93.2,60,36.8,71.3,97.7,98.4,72.9,89.8,34.7,44.4
India,Bihar,Muzaffarpur,"Calendar Year (Jan - Dec), 2019",3663,88.85,42.6,72.5,51.3,28.2,58.7,99.9,96.6,61.7,84.1,32.9,33.8
India,Bihar,Nalanda,"Calendar Year (Jan - Dec), 2019",2628,86.975,42.6,80.3,53.9,29.3,71.5,98.9,98.9,61.7,87.6,42,28.8
India,Bihar,Nawada,"Calendar Year (Jan - Dec), 2019",2858,87.25,49.4,79.9,51.5,31.6,70.1,99.3,97.4,74.3,88.1,43.3,37.3
India,Bihar,Pashchim Champaran,"Calendar Year (Jan - Dec), 2019",1882,79.425,43.5,79.5,60.6,25.4,49.8,99.7,93.5,61.4,83.9,39.1,21.6
India,Bihar,Patna,"Calendar Year (Jan - Dec), 2019",2863,81.975,34.5,89.1,51,17.9,67.3,98.8,99,63.7,88.8,26.6,43.6
India,Bihar,Purbi Champaran,"Calendar Year (Jan - Dec), 2019",2811,80.275,49.1,61.5,43,21.7,57.1,99.9,94.8,61.1,83.5,49.2,20.1
India,Bihar,Purnia,"Calendar Year (Jan - Dec), 2019",4083,78.825,43.5,68.9,55.7,11.1,65.1,99.6,92.4,74.6,93.4,51.2,19.2
India,Bihar,Rohtas,"Calendar Year (Jan - Dec), 2019",1621,94,40,89.1,51.7,34.2,65.6,99.6,98.5,51,91.2,30.3,42.6
India,Bihar,Saharsa,"Calendar Year (Jan - Dec), 2019",2273,85.975,47.8,70.4,62,11.7,65.7,100,97.2,61.8,95.1,51,20.9
India,Bihar,Samastipur,"Calendar Year (Jan - Dec), 2019",2268,88.125,44,83.4,71.9,23.5,59.9,98.6,95.7,69.7,90.4,49.8,26.5
India,Bihar,Saran,"Calendar Year (Jan - Dec), 2019",2903,87.225,39.7,73,57.2,30.7,63,99.7,93.6,59.1,94.3,26.2,35.5
India,Bihar,Sheikhpura,"Calendar Year (Jan - Dec), 2019",1842,90.875,53.6,89.2,69.7,28.4,69.7,98.4,97.3,64.2,87.7,46.1,28.3
India,Bihar,Sheohar,"Calendar Year (Jan - Dec), 2019",2090,79.525,34.4,74.3,63.8,25.3,63.4,100,97.6,37.3,93.2,34.6,21
India,Bihar,Sitamarhi,"Calendar Year (Jan - Dec), 2019",2538,79.95,54.2,64.4,49.9,20.3,61.8,99.7,93.1,59.7,91.1,46.8,19.2
India,Bihar,Siwan,"Calendar Year (Jan - Dec), 2019",4135,88.7,36.7,86.4,65.3,30.3,53,99.8,95.3,58,82.9,21.3,38.9
India,Bihar,Supaul,"Calendar Year (Jan - Dec), 2019",1760,87.375,42.3,80.4,73.6,30.9,61,99.7,97.3,56.1,96.1,55.9,16.2
India,Bihar,Vaishali,"Calendar Year (Jan - Dec), 2019",2571,84.875,38.3,81.6,63.1,24.5,62.9,99.2,96.5,66.8,88.5,44.9,34
India,Chhattisgarh,Balod,"Calendar Year (Jan - Dec), 2019",1905,92.4,33.6,97.4,85.8,81.5,56.6,99.5,99.7,48.6,99.4,3.3,46.3
India,Chhattisgarh,Balodabazar-Bhatapara,"Calendar Year (Jan - Dec), 2019",2491,88.675,40.9,78.1,65.8,49.5,61.5,94.8,99.2,56.2,98.6,11.4,38.7
India,Chhattisgarh,Balrampur Ramanujganj,"Calendar Year (Jan - Dec), 2019",966,86.025,35.1,78.9,72.7,52.1,63.2,84.4,97.9,65.5,88.5,24.6,32.2
India,Chhattisgarh,Bastar,"Calendar Year (Jan - Dec), 2019",3279,80.525,48.1,63.5,56.1,55.1,77.1,94.1,96.8,79,92.4,17.3,25.3
India,Chhattisgarh,Bemetara,"Calendar Year (Jan - Dec), 2019",2515,95.625,38.4,95,84.6,54.6,46.9,98.8,99.7,49.2,99.7,15.1,33
India,Chhattisgarh,Bijapur,"Calendar Year (Jan - Dec), 2019",776,86.075,53.8,63.6,62.3,56.9,72.9,94.3,86.8,60.3,96.8,18.3,24.2
India,Chhattisgarh,Bilaspur,"Calendar Year (Jan - Dec), 2019",2344,79.35,25.7,79.4,55.8,46.9,59.3,93.6,98.6,41.4,92.9,11.2,37.4
India,Chhattisgarh,Dakshin Bastar Dantewada,"Calendar Year (Jan - Dec), 2019",710,88.675,45.6,90.5,84.1,68.2,76.7,95.1,95.9,63,98.7,16.3,24.2
India,Chhattisgarh,Dhamtari,"Calendar Year (Jan - Dec), 2019",1601,92.725,30.5,94.3,70.4,70.4,60,99.1,99.9,,99.5,5.8,40.9
India,Chhattisgarh,Durg,"Calendar Year (Jan - Dec), 2019",2451,91.5,38.9,96.7,72.4,69.9,52,98.5,99.6,41.2,99.4,4.3,52.7
India,Chhattisgarh,Gariyaband,"Calendar Year (Jan - Dec), 2019",1570,92.125,28.9,87.6,80.6,57.8,65,96.8,98.7,55.3,98.3,9.7,27.8
India,Chhattisgarh,Janjgir-Champa,"Calendar Year (Jan - Dec), 2019",2597,91.8,32.5,86.2,64.7,62.8,66.6,97.2,99.5,60,97.6,10.2,37.3
India,Chhattisgarh,Jashpur,"Calendar Year (Jan - Dec), 2019",1635,95.85,35.8,85.6,66.2,48.6,61.8,88.8,98.2,54.5,97.1,21.9,34.9
India,Chhattisgarh,Kabeerdham,"Calendar Year (Jan - Dec), 2019",1340,96.925,37.9,91.7,77.7,58.9,43.9,97.9,99.5,35.6,99.2,15.3,32.6
India,Chhattisgarh,Kondagaon,"Calendar Year (Jan - Dec), 2019",2137,86.125,37.6,78.7,74.3,64.1,79.5,98.8,97.8,87.6,97.6,11.8,24.7
India,Chhattisgarh,Korba,"Calendar Year (Jan - Dec), 2019",1943,80.75,34.7,75.4,57.4,49.3,66.9,82.2,97.9,54.6,92.9,7.2,37.1
India,Chhattisgarh,Korea,"Calendar Year (Jan - Dec), 2019",1348,91.4,32.1,80.8,70.7,70,65,87.6,97.6,54.1,97.9,22.9,37
India,Chhattisgarh,Mahasamund,"Calendar Year (Jan - Dec), 2019",2077,91,36.8,92.9,72.6,65.8,63.4,98.8,98.4,56.5,98.9,9.5,31.2
India,Chhattisgarh,Mungeli,"Calendar Year (Jan - Dec), 2019",685,90.2,30.1,69.8,56.2,67.3,54.6,98,99.7,50.3,94,20.5,32.2
India,Chhattisgarh,Narayanpur,"Calendar Year (Jan - Dec), 2019",797,89.725,43.7,74.2,67.2,59.1,72.8,90.5,90.1,57.2,98.3,11.1,26.5
India,Chhattisgarh,Raigarh,"Calendar Year (Jan - Dec), 2019",2137,94.725,39.1,87.7,72.3,55.4,62.5,97.5,99,54.2,100,11.5,38.3
India,Chhattisgarh,Raipur,"Calendar Year (Jan - Dec), 2019",1790,86.8,32.2,90.7,63.9,65.6,59.8,99.7,99.5,37.1,100,8.8,40.1
India,Chhattisgarh,Rajnandgaon,"Calendar Year (Jan - Dec), 2019",813,95.7,27.6,95.5,86.3,76.1,58.6,98.8,99.3,,100,3.8,38.9
India,Chhattisgarh,Sukma,"Calendar Year (Jan - Dec), 2019",473,83,41.8,81.2,80.8,74,79,96,98.3,65.8,98.4,18.9,15.9
India,Chhattisgarh,Surajpur,"Calendar Year (Jan - Dec), 2019",1184,84.4,27.6,85.9,72.6,48.9,61,83.4,98.7,55.4,92.2,34.3,30.7
India,Chhattisgarh,Surguja,"Calendar Year (Jan - Dec), 2019",1455,92.675,29.4,85.3,73.3,57.7,58.8,96.4,99.3,46.4,97.7,18.1,37.7
India,Chhattisgarh,Uttar Bastar Kanker,"Calendar Year (Jan - Dec), 2019",1509,92.625,24.8,94.1,83.9,77.9,66.3,98.7,99.4,33.4,99.3,5.4,40.3
India,Delhi,Central,"Calendar Year (Jan - Dec), 2019",2313,89.7,33.5,92.2,69.3,73.1,45.1,99.7,99.8,,94,11.2,57.1
India,Delhi,East,"Calendar Year (Jan - Dec), 2019",2735,86.5,35.2,92.6,68.2,89.7,42.6,98.4,99.5,37.2,96.6,12.8,57.2
India,Delhi,New Delhi,"Calendar Year (Jan - Dec), 2019",2527,92.65,27.4,91.8,63.4,80.1,56.1,99.1,100,,96.8,10.2,57.9
India,Delhi,North,"Calendar Year (Jan - Dec), 2019",2935,84.425,25,89.7,60.5,50.6,47.1,99.3,99.8,48.4,85.6,17,53.9
India,Delhi,North East,"Calendar Year (Jan - Dec), 2019",1991,91.775,38.7,89.2,68.3,86.2,46.1,98.2,99.9,39.4,94.3,5,59.8
India,Delhi,North West,"Calendar Year (Jan - Dec), 2019",2703,87.65,26.9,94,62.6,77.9,51.7,99.7,100,40.6,97.9,10.1,62.9
India,Delhi,Shahdara,"Calendar Year (Jan - Dec), 2019",3703,90.65,32.9,95.8,74.5,88.9,49.4,99.8,99.9,,93.6,7.3,58.4
India,Delhi,South,"Calendar Year (Jan - Dec), 2019",2426,94.225,33.4,82,52.6,85.6,46.3,100,99.9,,96.6,6.6,61.6
India,Delhi,South East,"Calendar Year (Jan - Dec), 2019",3186,81.075,21.7,96.1,60.6,83.2,48.3,100,99.7,35.1,96.2,7.5,65.5
India,Delhi,South West,"Calendar Year (Jan - Dec), 2019",2404,90.025,27.1,92.5,52.8,91,56.7,99.7,100,44.2,96.2,7.5,68.4
India,Delhi,West,"Calendar Year (Jan - Dec), 2019",1750,85.125,36.1,91.8,57.7,67.1,57.4,99.8,100,49.2,90.5,10.5,56.3
India,Goa,North Goa,"Calendar Year (Jan - Dec), 2019",3824,90.525,24.2,99.6,58.6,91.3,40.2,98.1,100,0,100,7.5,72
India,Goa,South Goa,"Calendar Year (Jan - Dec), 2019",3768,0,28.3,100,52,96,37.3,99,100,0,99.5,3.9,70.9
India,Gujarat,Ahmadabad,"Calendar Year (Jan - Dec), 2019",1279,81.2,35.5,94.5,46.7,77.8,63.5,98.7,99.5,70.1,98.7,17.5,42.7
India,Gujarat,Amreli,"Calendar Year (Jan - Dec), 2019",1648,81.8,35.3,90.1,45.5,92.6,50.3,97.8,99.6,0,98.3,10.5,27.2
India,Gujarat,Anand,"Calendar Year (Jan - Dec), 2019",2488,90.2,38.4,96,41.2,64.2,66.6,99.7,98,0,98.6,28,32.2
India,Gujarat,Arvalli,"Calendar Year (Jan - Dec), 2019",3666,88.25,47.1,92.2,34.8,73.8,77.1,98.5,96.5,82.6,95.8,27,34.7
India,Gujarat,Banas Kantha,"Calendar Year (Jan - Dec), 2019",1377,66.6,39,92.9,29.1,56.1,59.6,93.6,91.1,68.6,92.9,37.3,17.6
India,Gujarat,Bharuch,"Calendar Year (Jan - Dec), 2019",1724,86.55,40.9,91.1,49.6,65.7,71.6,97.2,98.2,77.2,96.3,16.8,31.5
India,Gujarat,Bhavnagar,"Calendar Year (Jan - Dec), 2019",1933,83.825,32.6,94.2,44.3,70.9,49.1,95.1,96.9,56.2,94.8,18,26.3
India,Gujarat,Botad,"Calendar Year (Jan - Dec), 2019",2027,80.75,32.2,93.5,39.2,82.7,59.1,99.2,99.3,48.5,98.2,13,22
India,Gujarat,Chhotaudepur,"Calendar Year (Jan - Dec), 2019",924,90.075,48.6,85.7,68.8,81.2,79.1,97.4,95.3,72.1,99.6,27.5,20.3
India,Gujarat,Dang,"Calendar Year (Jan - Dec), 2019",663,92.2,37.6,74.5,64.2,90.2,77.6,91.2,95.9,66.8,99.5,30.2,20.7
India,Gujarat,Devbhumi Dwarka,"Calendar Year (Jan - Dec), 2019",1463,82.65,30.2,94.8,37.2,76.6,48.8,93.9,98.7,49.1,98.3,11.6,15.8
India,Gujarat,Dohad,"Calendar Year (Jan - Dec), 2019",1516,76.55,55.3,92.5,68.2,70.9,75.4,91,89.3,69.4,98.9,29.9,23.1
India,Gujarat,Gandhinagar,"Calendar Year (Jan - Dec), 2019",2445,89.625,38.1,97.8,39.5,71,69.2,99.7,97.8,57.4,96.2,32.6,37.9
India,Gujarat,Gir Somnath,"Calendar Year (Jan - Dec), 2019",1194,87.55,44.4,87.1,34,80.7,49.6,98.2,99.5,57.7,95.6,9.9,30.8
India,Gujarat,Jamnagar,"Calendar Year (Jan - Dec), 2019",1150,91,28.4,96.5,55.4,73.8,50.6,99.7,98.9,0,99.5,6.8,35.3
India,Gujarat,Junagadh,"Calendar Year (Jan - Dec), 2019",1272,95.55,37.3,97.4,60.3,72.5,58.8,97,99.3,57.3,100,11.2,35
India,Gujarat,Kachchh,"Calendar Year (Jan - Dec), 2019",1793,86.35,37.5,97.4,45.3,84.2,58,96.8,99.2,43.1,97.8,19,24.1
India,Gujarat,Kheda,"Calendar Year (Jan - Dec), 2019",2371,84.875,37.3,95.2,47.5,61.2,76.2,97.7,96.9,72.9,98.1,49.2,24.2
India,Gujarat,Mahesana,"Calendar Year (Jan - Dec), 2019",5103,86.175,31,97.3,27.4,56.6,69.5,97,97.7,62.9,97.1,32.3,32.6
India,Gujarat,Mahisagar,"Calendar Year (Jan - Dec), 2019",2087,89.65,43.4,93,26.6,76.6,73.2,94.8,95.2,56.5,97.4,30.7,33.9
India,Gujarat,Morbi,"Calendar Year (Jan - Dec), 2019",1370,81.45,32.9,94.8,30.1,75.1,50.7,98.3,99.9,50.1,96.7,8.9,35.4
India,Gujarat,Narmada,"Calendar Year (Jan - Dec), 2019",753,85.075,47.2,81.7,66.3,83.4,75.9,96.8,92.7,75.6,99.6,29.5,22.6
India,Gujarat,Navsari,"Calendar Year (Jan - Dec), 2019",1188,96.725,36.8,99.3,49.6,94.7,68.9,97.4,98.7,0,97.6,15.7,47.7
India,Gujarat,Panch Mahals,"Calendar Year (Jan - Dec), 2019",2680,97.375,47.1,88.4,24.7,88.7,69.5,91,95.5,74,96.6,34.1,28.4
India,Gujarat,Patan,"Calendar Year (Jan - Dec), 2019",783,91.975,50.5,98.6,25.2,79.8,59.8,99.4,98.3,60.1,99.6,35.4,22.6
India,Gujarat,Porbandar,"Calendar Year (Jan - Dec), 2019",685,91.775,18.2,100,61.2,92.1,47.4,96.2,99.8,54.9,99.5,10,35.9
India,Gujarat,Rajkot,"Calendar Year (Jan - Dec), 2019",668,90.55,38.9,99.3,40.9,93.5,60.6,99.5,99.6,0,98.2,12.1,42.6
India,Gujarat,Sabar Kantha,"Calendar Year (Jan - Dec), 2019",1828,93.325,37,89.4,38.3,73.2,67.9,90.7,95.3,49.4,99.1,27,31.1
India,Gujarat,Surat,"Calendar Year (Jan - Dec), 2019",2342,95.2,36.1,97.7,41.1,93.4,69.3,98.9,99.3,58.7,97.4,13.1,44
India,Gujarat,Surendranagar,"Calendar Year (Jan - Dec), 2019",1721,78.15,39.2,85.6,45.4,57.5,55.4,96.9,99.4,60.8,98.6,19.5,23.3
India,Gujarat,Tapi,"Calendar Year (Jan - Dec), 2019",846,99.375,41.7,92.9,72.6,91,77.6,99,97.6,72,99.5,25.3,32.5
India,Gujarat,Vadodara,"Calendar Year (Jan - Dec), 2019",1597,90.75,42.3,95.9,45.7,65.9,72.6,99.5,97.3,65.9,96.6,22.8,46.4
India,Gujarat,Valsad,"Calendar Year (Jan - Dec), 2019",958,95.05,37.8,96.5,44.7,92.5,75.8,98,98.6,71,100,19.4,45.6
India,Haryana,Ambala,"Calendar Year (Jan - Dec), 2019",2874,91.425,24.1,97.8,61.7,57.4,46.5,99.3,99.6,33.8,96.2,6.4,55.3
India,Haryana,Bhiwani,"Calendar Year (Jan - Dec), 2019",1079,90.7,29,97.7,49.3,60.4,66.8,97.5,100,54.1,93.3,15,47
India,Haryana,Charki Dadri,"Calendar Year (Jan - Dec), 2019",1607,91.475,23.9,98.9,55.9,53.4,73.1,97.3,99.5,62.4,95.3,11.8,54.5
India,Haryana,Faridabad,"Calendar Year (Jan - Dec), 2019",1591,84.625,28.9,92.5,42.9,51.2,54.8,97.9,100,30.9,95,15.3,55.6
India,Haryana,Fatehabad,"Calendar Year (Jan - Dec), 2019",1012,93.775,24.6,97.9,58.9,60.1,62.5,99.8,99.8,59,98.1,11.7,41.5
India,Haryana,Gurugram,"Calendar Year (Jan - Dec), 2019",1389,78.325,22.1,96.7,56.9,48.1,68,99.7,99.4,55.9,93.8,20.7,59.6
India,Haryana,Hisar,"Calendar Year (Jan - Dec), 2019",975,94.875,27.8,98.2,46.1,69.9,64,99.3,99.7,58.7,99.4,8.9,43.9
India,Haryana,Jhajjar,"Calendar Year (Jan - Dec), 2019",3316,95.05,15.6,97.2,60.6,60.1,59.9,96.6,99.8,65.7,98.7,7.7,62.7
India,Haryana,Jind,"Calendar Year (Jan - Dec), 2019",1670,88.7,25.5,98.7,66.5,49.6,59.5,96.2,100,62.7,95.4,8.7,45.3
India,Haryana,Kaithal,"Calendar Year (Jan - Dec), 2019",1038,87.475,29.9,98.2,65.4,68.8,62.5,98.5,100,43.2,97.9,11,45.9
India,Haryana,Karnal,"Calendar Year (Jan - Dec), 2019",1047,97.225,29.2,99,62.5,84.7,62.1,99.9,99.2,53.2,100,6.6,46.8
India,Haryana,Kurukshetra,"Calendar Year (Jan - Dec), 2019",1662,90.925,24.9,98.4,63.1,59.8,57.5,99.9,99.6,46.3,98.2,11.7,48.4
India,Haryana,Mahendragarh,"Calendar Year (Jan - Dec), 2019",2497,86.075,25.2,98.9,65.3,55.2,61.2,99.7,99.6,62.8,97.5,13.4,52.4
India,Haryana,Nuh,"Calendar Year (Jan - Dec), 2019",1031,69.75,44.4,74.6,59.2,45.9,61.1,97.1,98.6,55.2,96,28.7,13.9
India,Haryana,Palwal,"Calendar Year (Jan - Dec), 2019",1584,84.5,31,78.3,46.5,53.4,57.2,96.7,98.9,56.8,96.8,23.8,39.4
India,Haryana,Panchkula,"Calendar Year (Jan - Dec), 2019",4399,94.1,21.8,97,81,76.9,57.4,99.2,99.5,,100,7.4,60.3
India,Haryana,Panipat,"Calendar Year (Jan - Dec), 2019",1717,89.1,25.1,97.1,52.6,49.2,66.8,99.9,99.6,69,93.2,11.9,52.1
India,Haryana,Rewari,"Calendar Year (Jan - Dec), 2019",1464,89.125,25.9,98.7,53.9,63.8,61.9,99.7,100,59.3,99.4,5.8,58.7
India,Haryana,Rohtak,"Calendar Year (Jan - Dec), 2019",1957,85.1,28.9,97.4,62.1,72.3,64.8,98.5,99.7,77.1,96.8,12.4,55.9
India,Haryana,Sirsa,"Calendar Year (Jan - Dec), 2019",1705,#DIV/0!,25,99.3,67.3,61.9,62.1,99.3,99.9,,100,8.9,44.7
India,Haryana,Sonipat,"Calendar Year (Jan - Dec), 2019",1533,88.9,23.6,99.7,62.4,64.1,53,97.2,99.3,61,96.4,15.5,56.8
India,Haryana,Yamunanagar,"Calendar Year (Jan - Dec), 2019",1872,91.175,27.7,94.8,55.8,66.4,56.3,100,99.8,62.2,93.7,6.9,51.2
India,Himachal Pradesh,Bilaspur,"Calendar Year (Jan - Dec), 2019",3360,100,40.1,91.7,72.1,81.4,53.4,92.9,100,0,99.3,10,64.2
India,Himachal Pradesh,Chamba,"Calendar Year (Jan - Dec), 2019",4252,100,42.6,72,64.9,62.7,43.9,85.5,99.1,38.3,98.7,3.8,50.9
India,Himachal Pradesh,Hamirpur,"Calendar Year (Jan - Dec), 2019",4229,82.775,27.3,97.6,75.1,59.4,49.4,98,99.7,0,97.8,3.5,76.1
India,Himachal Pradesh,Kangra,"Calendar Year (Jan - Dec), 2019",2087,93.475,28,90.2,75,56.3,63.7,98.6,99.7,0,96.4,1.5,69.9
India,Himachal Pradesh,Kinnaur,"Calendar Year (Jan - Dec), 2019",3884,95.575,32.2,82.7,76.4,75.3,52.2,96.9,99.6,0,97.5,27.9,56.1
India,Himachal Pradesh,Kullu,"Calendar Year (Jan - Dec), 2019",2919,89.825,35.9,87,66.8,60,53.7,94.3,99.2,23.1,99.3,8.7,54.4
India,Himachal Pradesh,Lahul And Spiti,"Calendar Year (Jan - Dec), 2019",3533,90.725,28.5,86.4,75.9,65.6,82.3,89.2,99.8,0,99.4,11.2,55.9
India,Himachal Pradesh,Mandi,"Calendar Year (Jan - Dec), 2019",2859,98.525,31.3,86.6,77.4,70.3,49,96.5,99.5,43.5,100,6.3,71.8
India,Himachal Pradesh,Shimla,"Calendar Year (Jan - Dec), 2019",6658,98.275,27.1,92.2,81.9,85.3,46.7,97.3,100,0,100,6.1,69.7
India,Himachal Pradesh,Sirmaur,"Calendar Year (Jan - Dec), 2019",2586,98.5,28.6,87.4,70.1,85.2,50.2,95.7,99.2,46.3,100,5,55.6
India,Himachal Pradesh,Solan,"Calendar Year (Jan - Dec), 2019",5401,95.05,32.3,90.2,68,88.2,48.4,96.5,99.2,30.5,98.6,13.3,62.3
India,Himachal Pradesh,Una,"Calendar Year (Jan - Dec), 2019",4903,89.075,24.7,89.7,52.2,71.7,60.8,98.8,98.5,60.4,99.4,1.6,66.8
India,Jammu And Kashmir,Anantnag,"Calendar Year (Jan - Dec), 2019",6058,88.725,28.2,90.5,86.7,80.9,75.7,99.3,98.7,54.1,97.8,2.5,52.8
India,Jammu And Kashmir,Bandipora,"Calendar Year (Jan - Dec), 2019",6399,92.175,25.2,92.8,82.2,82.6,74.3,89.8,99,55.3,97.5,1.8,35.9
India,Jammu And Kashmir,Baramulla,"Calendar Year (Jan - Dec), 2019",9853,84.85,23.2,96.2,86.8,75.2,73.1,93.3,98.7,56,96,3.8,35.9
India,Jammu And Kashmir,Budgam,"Calendar Year (Jan - Dec), 2019",5525,95.975,26.8,96.5,94.3,66.5,75,95.8,99.5,57,93.4,1.5,48.2
India,Jammu And Kashmir,Doda,"Calendar Year (Jan - Dec), 2019",4458,71.025,32.7,73.5,68.9,74.3,67.9,92.6,99.6,47.7,98.3,11,46.8
India,Jammu And Kashmir,Ganderbal,"Calendar Year (Jan - Dec), 2019",6961,92.9,18.5,98,95,80.4,77.9,97.2,99.5,63,95.5,5.3,34.3
India,Jammu And Kashmir,Jammu,"Calendar Year (Jan - Dec), 2019",4714,91.475,27,96.5,88.7,95.4,68.2,99.9,100,41.7,99,5.3,70.8
India,Jammu And Kashmir,Kathua,"Calendar Year (Jan - Dec), 2019",5661,100,21.8,97.1,93.8,31.6,55.2,96.1,99.7,28.4,98.1,1.4,64.9
India,Jammu And Kashmir,Kishtwar,"Calendar Year (Jan - Dec), 2019",4410,94.525,27.5,91.6,90.8,76.4,86.2,86.8,88.8,65.3,95.8,7.2,48
India,Jammu And Kashmir,Kulgam,"Calendar Year (Jan - Dec), 2019",3852,99.525,28.4,98.9,94.4,92.2,77.5,96.4,99.8,63.2,97.7,3.7,42.4
India,Jammu And Kashmir,Kupwara,"Calendar Year (Jan - Dec), 2019",5108,96.575,24.9,97.1,88.7,89.2,75.6,88,99.3,45.7,99.3,3.1,44.9
India,Jammu And Kashmir,Poonch,"Calendar Year (Jan - Dec), 2019",3641,96.7,25.9,86,84.2,86.4,56.3,76.8,99.7,24.9,98,5.4,46.8
India,Jammu And Kashmir,Pulwama,"Calendar Year (Jan - Dec), 2019",4299,94.95,22.4,97.8,92,96.2,74.7,98,99.1,37.7,98.9,0.5,49.4
India,Jammu And Kashmir,Rajouri,"Calendar Year (Jan - Dec), 2019",4199,97.525,30.3,88.8,84.9,71.9,62,77.7,100,41.8,95.4,12.2,46.4
India,Jammu And Kashmir,Ramban,"Calendar Year (Jan - Dec), 2019",2683,85.525,25.7,80.4,78.7,79.2,61.7,73.4,97.4,36,95.9,5.5,35.5
India,Jammu And Kashmir,Reasi,"Calendar Year (Jan - Dec), 2019",4046,86.125,17.7,69.3,66.6,75.9,65.1,76.5,99.9,40.3,92.9,9.6,41.9
India,Jammu And Kashmir,Samba,"Calendar Year (Jan - Dec), 2019",4149,94.225,24.5,97.9,91.3,96.2,63.6,95.4,99.8,41.1,100,6.3,60.6
India,Jammu And Kashmir,Shopian,"Calendar Year (Jan - Dec), 2019",5792,98.05,22,98.3,94.3,86.8,65.5,99.2,99.9,33.5,96.9,2.1,55.2
India,Jammu And Kashmir,Srinagar,"Calendar Year (Jan - Dec), 2019",4589,94.5,33,99.2,88.7,85.1,52.5,98.5,100,38.8,97.8,1.7,60.5
India,Jammu And Kashmir,Udhampur,"Calendar Year (Jan - Dec), 2019",3412,88.95,37.3,87.2,86,69.8,57.3,76.4,99.9,44.5,97.3,6.1,43.7
India,Jharkhand,Bokaro,"Calendar Year (Jan - Dec), 2019",3372,87.9,36.2,80.9,44.6,48.7,69,86.4,97.3,63.6,87.9,26.3,45
India,Jharkhand,Chatra,"Calendar Year (Jan - Dec), 2019",2066,81.125,42.2,71.5,51.8,32.4,55.9,83.3,92.1,56.5,93.1,31.7,27.7
India,Jharkhand,Deoghar,"Calendar Year (Jan - Dec), 2019",2133,72.925,41.7,61.3,47.2,30.7,70.1,90.8,95.6,72.4,83.1,49.2,19.7
India,Jharkhand,Dhanbad,"Calendar Year (Jan - Dec), 2019",2627,82.15,27,78.8,34.5,44.6,64.6,88.9,98.5,45.8,88.7,28.3,37.9
India,Jharkhand,Dumka,"Calendar Year (Jan - Dec), 2019",1602,87.7,38.2,60.3,51.3,39.3,74.2,92.6,93.2,60.5,95.1,43.1,19.1
India,Jharkhand,East Singhbum,"Calendar Year (Jan - Dec), 2019",3378,93.175,35.9,94,66.2,40.7,65.1,89.7,95.7,32.8,91.6,19.8,46.8
India,Jharkhand,Garhwa,"Calendar Year (Jan - Dec), 2019",2256,86.775,47.7,84,67.6,29.8,62.9,92.5,85,58.9,87.1,31.3,31
India,Jharkhand,Giridih,"Calendar Year (Jan - Dec), 2019",2101,82.775,31.9,70.7,50.3,42.1,65.2,87.6,96.5,56.7,86.7,45.6,25
India,Jharkhand,Godda,"Calendar Year (Jan - Dec), 2019",1463,83.425,39.4,70.2,63.6,39.2,66.3,91.4,93.5,65.2,93.4,48.5,19.6
India,Jharkhand,Gumla,"Calendar Year (Jan - Dec), 2019",1124,93.7,40.2,83.8,80.3,49.3,59.9,75.2,89.1,44.7,97.9,20.9,33.3
India,Jharkhand,Hazaribagh,"Calendar Year (Jan - Dec), 2019",2328,86.175,37.8,82,59.8,36.4,56.2,85.5,98.2,54.4,89,38.6,40.1
India,Jharkhand,Jamtara,"Calendar Year (Jan - Dec), 2019",2771,88.225,41.9,75.4,60.4,36,78.4,93,92.2,57.3,95.1,50.5,21.4
India,Jharkhand,Khunti,"Calendar Year (Jan - Dec), 2019",1314,84.3,38.5,73.8,64.2,37.4,70.9,68.6,92.9,34,95.1,21.7,29.3
India,Jharkhand,Koderma,"Calendar Year (Jan - Dec), 2019",1948,85.875,34.6,91.3,64.2,47.6,65.1,83.9,97.1,59.7,89.7,42.5,31.8
India,Jharkhand,Latehar,"Calendar Year (Jan - Dec), 2019",1268,90.8,40.1,70.3,61.4,43.1,63.8,79.2,89,58.4,98,32.2,26.5
India,Jharkhand,Lohardaga,"Calendar Year (Jan - Dec), 2019",1707,95.375,40.7,84.1,72.6,37.7,62.1,78.4,99.2,50.1,93,21.9,35
India,Jharkhand,Pakur,"Calendar Year (Jan - Dec), 2019",1644,84.225,51.3,64.6,57.6,26.6,80.4,88.6,91.7,67.5,91,43.4,13.6
India,Jharkhand,Palamu,"Calendar Year (Jan - Dec), 2019",2597,90.25,43.7,74.9,54.8,33.8,61.1,94.9,95.8,59.6,91.5,35.4,36.5
India,Jharkhand,Ramgarh,"Calendar Year (Jan - Dec), 2019",2121,92.3,35.3,79,51.6,40.9,62.3,76.7,98.4,61.7,90.8,25.1,44.3
India,Jharkhand,Ranchi,"Calendar Year (Jan - Dec), 2019",2394,83.525,28.3,87.3,61.7,35.2,59.3,86.3,99.3,45.9,93.6,20.9,49.5
India,Jharkhand,Sahebganj,"Calendar Year (Jan - Dec), 2019",1546,78.85,49.1,64.7,59.5,36.2,72.1,88.2,91.6,63.6,94.1,39.9,18.6
India,Jharkhand,Saraikela Kharsawan,"Calendar Year (Jan - Dec), 2019",1770,92.625,40,81.8,62.2,54.4,71.2,85.7,93.5,42.8,98.8,19.2,36
India,Jharkhand,Simdega,"Calendar Year (Jan - Dec), 2019",669,89.125,42.2,75.7,71.2,34.4,71,66.7,84.1,59,97.7,15.9,29.7
India,Jharkhand,West Singhbhum,"Calendar Year (Jan - Dec), 2019",1183,92.6,60.6,67.9,64.3,34.9,72.5,79.3,83.3,74.8,92,24.4,22.9
India,Karnataka,Bagalkote,"Calendar Year (Jan - Dec), 2019",4576,91.15,48.3,95.2,57.1,76.2,47.9,99.2,98.9,49.5,98.7,38.7,37.7
India,Karnataka,Ballari,"Calendar Year (Jan - Dec), 2019",12348,89.475,36.1,95.7,76.8,56.4,58.7,94.7,98.9,40.2,98.1,22.2,39.9
India,Karnataka,Belagavi,"Calendar Year (Jan - Dec), 2019",3902,91.9,32.8,97.5,60.6,63.7,53.4,94.4,99.1,40,96.1,32.8,47.8
India,Karnataka,Bengaluru Rural,"Calendar Year (Jan - Dec), 2019",4836,98.175,36.6,100,72,90.9,44.6,97.9,99.2,33.6,98.4,14.1,56.3
India,Karnataka,Bengaluru Urban,"Calendar Year (Jan - Dec), 2019",3633,87.25,31.3,99.3,54.7,74.6,36,99.2,98.8,23.7,98,14.5,70.1
India,Karnataka,Bidar,"Calendar Year (Jan - Dec), 2019",4091,88.325,36.8,99,73.4,55.3,55.7,98.9,98.8,60.4,96.8,19.2,45
India,Karnataka,Chamarajanagara,"Calendar Year (Jan - Dec), 2019",4270,96.775,32.2,100,82.7,84.1,46.4,99.9,98.7,0,100,19.3,41.7
India,Karnataka,Chikkaballapura,"Calendar Year (Jan - Dec), 2019",4324,86.325,31.3,99,83,90.5,45.8,98.1,99.9,37.9,98.2,27.1,48
India,Karnataka,Chikkamagaluru,"Calendar Year (Jan - Dec), 2019",4544,97.75,27.3,98.4,77.9,74.3,41,95.7,99.3,0,99.1,19.5,48.3
India,Karnataka,Chitradurga,"Calendar Year (Jan - Dec), 2019",4234,96.625,36,98.3,68.8,79.3,44.2,97.8,99.8,57.1,99.1,20.7,48.3
India,Karnataka,Dakshina Kannada,"Calendar Year (Jan - Dec), 2019",3699,93.875,25.1,100,41.9,82,38.9,88.6,99.8,35.8,98.3,4.9,62.8
India,Karnataka,Davangere,"Calendar Year (Jan - Dec), 2019",7508,90.025,38.4,98.3,68.9,63.1,51.9,97.5,98.8,0,96.3,19.1,47.1
India,Karnataka,Dharwad,"Calendar Year (Jan - Dec), 2019",3225,95.7,45.2,99.7,69.2,85.2,51.4,87.9,99.4,68.4,96.9,17.8,51.4
India,Karnataka,Gadag,"Calendar Year (Jan - Dec), 2019",5726,86.725,45.2,96.2,67.5,68.7,50.5,95.5,98.6,51.1,97,27.7,45.1
India,Karnataka,Hassan,"Calendar Year (Jan - Dec), 2019",3421,99.2,27.1,100,71.7,75.8,42,96.8,99.3,47,97.8,16.2,51.3
India,Karnataka,Haveri,"Calendar Year (Jan - Dec), 2019",11573,97.175,29.9,97.2,82.6,58.7,50.4,99.1,99.1,59.4,98.8,16.5,40
India,Karnataka,Kalaburagi,"Calendar Year (Jan - Dec), 2019",3738,87.075,34.5,88.7,60.5,53.6,56,92.5,99.4,58,95.1,29.8,42
India,Karnataka,Kodagu,"Calendar Year (Jan - Dec), 2019",2830,92.925,30.4,98.4,73.3,74.4,39.6,89.2,98.7,50.1,97.8,12.8,58.9
India,Karnataka,Kolar,"Calendar Year (Jan - Dec), 2019",3188,91.475,31.1,99.6,76.1,90.9,43.8,98.5,99.5,37.9,99.1,26.7,55
India,Karnataka,Koppal,"Calendar Year (Jan - Dec), 2019",4909,91.65,49.1,90.7,68.2,50.7,54.8,96,99.2,55.2,100,27.1,34.4
India,Karnataka,Mandya,"Calendar Year (Jan - Dec), 2019",4109,97.7,24.3,99.5,60.2,90.1,47.1,98.4,98.4,0,100,13.1,52.5
India,Karnataka,Mysuru,"Calendar Year (Jan - Dec), 2019",4143,99.3,27.5,100,56.2,85.7,48.7,95.4,99.5,24.2,98.4,17.5,49.6
India,Karnataka,Raichur,"Calendar Year (Jan - Dec), 2019",6277,85.5,39.8,88.9,64.4,67.5,59.9,94,99.7,69.1,97.1,21.9,31.7
India,Karnataka,Ramanagara,"Calendar Year (Jan - Dec), 2019",4877,100,15.6,100,68.8,88.7,45.3,98.3,99.6,0,100,11.8,54.5
India,Karnataka,Shivamogga,"Calendar Year (Jan - Dec), 2019",5284,98.525,29,99.7,74.1,79.4,42.1,94.6,99.5,33.4,98.5,11.1,49.1
India,Karnataka,Tumakuru,"Calendar Year (Jan - Dec), 2019",4533,99.425,40.3,100,66.9,80.4,48.9,96.2,99.6,0,99.3,24.8,58.9
India,Karnataka,Udupi,"Calendar Year (Jan - Dec), 2019",2886,96.125,23.1,98.9,37.6,59.4,47.2,81.5,99.6,48.4,99.2,4.4,55.4
India,Karnataka,Uttara Kannada,"Calendar Year (Jan - Dec), 2019",5362,96.3,29.6,99.3,69.5,57.9,45,84.8,99.1,33.1,97.9,11.6,49.2
India,Karnataka,Vijayapura,"Calendar Year (Jan - Dec), 2019",3198,85.85,45.9,91.8,59.6,56.4,52.2,92.5,97.6,71.5,91.1,39.2,37.1
India,Karnataka,Yadgir,"Calendar Year (Jan - Dec), 2019",4386,90.7,57.6,93.3,73.4,63.6,57.1,95.2,99,61.1,97.9,33.2,26.4
India,Kerala,Alappuzha,"Calendar Year (Jan - Dec), 2019",10557,84.075,20.1,99.4,49,65.7,32,98.4,99.9,0,96.4,3.8,78.8
India,Kerala,Ernakulam,"Calendar Year (Jan - Dec), 2019",4940,91.15,22,99.1,23.2,82.2,32.1,98.2,100,0,90.9,2.9,83.8
India,Kerala,Idukki,"Calendar Year (Jan - Dec), 2019",4942,94.8,24.3,100,47.6,74.3,32.4,82.3,99,0,96,7.1,73.2
India,Kerala,Kannur,"Calendar Year (Jan - Dec), 2019",6125,87.175,19.4,100,33.6,78.3,39.7,93.9,99.7,39.7,95.3,5.4,74.1
India,Kerala,Kasaragod,"Calendar Year (Jan - Dec), 2019",3778,96.725,25.3,100,29.9,91.2,35.6,93.2,99.5,27.3,92.8,4.7,68.3
India,Kerala,Kollam,"Calendar Year (Jan - Dec), 2019",6836,92.525,15.5,100,44.7,79.3,36.7,95.7,99.8,0,94.9,1.8,80.6
India,Kerala,Kottayam,"Calendar Year (Jan - Dec), 2019",10236,0,23.4,98.7,44.3,55.1,38.6,97.1,99.6,0,90.4,1.6,85.8
India,Kerala,Kozhikode,"Calendar Year (Jan - Dec), 2019",4734,93.925,21.3,100,42.2,91.8,30.2,93.3,99.6,23.2,96.6,4.2,84.3
India,Kerala,Malappuram,"Calendar Year (Jan - Dec), 2019",6760,88.725,29.4,100,25.6,90.4,34.5,97.7,99.7,41.1,91.5,15.3,69.5
India,Kerala,Palakkad,"Calendar Year (Jan - Dec), 2019",6211,73.8,29.7,100,29.6,68.4,50,94.7,98.9,40.5,87.3,14.1,63.2
India,Kerala,Pathanamthitta,"Calendar Year (Jan - Dec), 2019",7608,0,22.7,99.1,36.8,83.9,36.9,94.1,99.6,0,92.2,0,84.5
India,Kerala,Thiruvananthapuram,"Calendar Year (Jan - Dec), 2019",10165,88.425,19.5,99.5,34.7,55.3,32.5,92.9,99.9,0,79.1,6.2,83.1
India,Kerala,Thrissur,"Calendar Year (Jan - Dec), 2019",5007,0,22,100,30.9,82.4,44.9,93.7,100,0,87,1,79.2
India,Kerala,Wayanad,"Calendar Year (Jan - Dec), 2019",7967,90.925,31.3,100,37.6,94.2,27,94.1,97,0,97.7,8.4,68
India,Ladakh,Kargil,"Calendar Year (Jan - Dec), 2019",3569,96.225,36.5,93.7,93.7,88,92.8,90.2,99.1,76.7,99.1,2.5,50.3
India,Ladakh,Leh Ladakh,"Calendar Year (Jan - Dec), 2019",4043,91.65,24.3,96.4,95.7,69.6,94.6,87.1,99.8,79,96.5,2.5,49.8
India,Madhya Pradesh,Agar-Malwa,"Calendar Year (Jan - Dec), 2019",1519,85.625,40.3,98.9,89.8,76.5,59.5,81.4,99.5,,98.6,35.6,19.3
India,Madhya Pradesh,Alirajpur,"Calendar Year (Jan - Dec), 2019",602,89.125,34.6,83.2,80,54.7,60.4,89.6,98.5,61.7,99.3,30.7,17.3
India,Madhya Pradesh,Anuppur,"Calendar Year (Jan - Dec), 2019",1230,89.5,24,84.8,80.9,63.6,52.5,79.8,97,53.8,99.1,18.6,28.6
India,Madhya Pradesh,Ashoknagar,"Calendar Year (Jan - Dec), 2019",1585,84.05,32.6,91.3,83.6,57.9,46.3,90.1,98.6,42.5,98.1,29.7,17.6
India,Madhya Pradesh,Balaghat,"Calendar Year (Jan - Dec), 2019",1400,88.5,41.9,95.1,88.6,69.1,61,83.3,98.7,,100,4.4,39.2
India,Madhya Pradesh,Barwani,"Calendar Year (Jan - Dec), 2019",1599,86.35,45.8,85.1,82.3,64.2,58.5,90.4,99.3,53.8,99.1,29.6,19.3
India,Madhya Pradesh,Betul,"Calendar Year (Jan - Dec), 2019",454,91.4,30.8,87.6,80.8,74,55.8,87.1,98.1,65.8,96.9,11.2,38.7
India,Madhya Pradesh,Bhind,"Calendar Year (Jan - Dec), 2019",1252,84.9,32.2,93.5,82.1,63.1,70.3,95.5,98.2,56.2,97.8,25.1,28.9
India,Madhya Pradesh,Bhopal,"Calendar Year (Jan - Dec), 2019",3176,#DIV/0!,19.9,98.3,67.7,64.6,53.9,96.7,99.6,,95.4,11.3,47.4
India,Madhya Pradesh,Burhanpur,"Calendar Year (Jan - Dec), 2019",1427,93.975,38.7,90.7,76.3,63.1,58,96,98.3,36.4,98.8,17.8,26.3
India,Madhya Pradesh,Chhatarpur,"Calendar Year (Jan - Dec), 2019",1505,89.525,45.1,85.2,73.1,36.9,63.4,86.5,96.8,68.3,91.2,39.2,24.7
India,Madhya Pradesh,Chhindwara,"Calendar Year (Jan - Dec), 2019",718,84.95,23.9,92.2,78.1,67,41.8,89.1,98.9,36.8,98.3,11.6,40.2
India,Madhya Pradesh,Damoh,"Calendar Year (Jan - Dec), 2019",1818,78.8,40.3,85,80.3,46.4,47.9,81,97.3,50.9,96.2,28.6,24.8
India,Madhya Pradesh,Datia,"Calendar Year (Jan - Dec), 2019",1809,89.35,36.8,89.4,76.7,54.2,58.6,95.8,99.8,59.7,98,27.7,27.8
India,Madhya Pradesh,Dewas,"Calendar Year (Jan - Dec), 2019",2815,94.15,36.8,92.2,80.3,49.1,51.8,93.6,99.6,37.3,96.1,28.1,27.7
India,Madhya Pradesh,Dhar,"Calendar Year (Jan - Dec), 2019",1250,89.9,28.8,95.5,83.4,76.5,49.5,89.2,97.6,68.6,84.9,26.5,23.8
India,Madhya Pradesh,Dindori,"Calendar Year (Jan - Dec), 2019",193,88.425,38.9,77.6,76.6,56.5,65,66.1,97.4,69.8,99.5,21.1,25.8
India,Madhya Pradesh,Guna,"Calendar Year (Jan - Dec), 2019",1544,87.075,31.9,98,90.6,68.3,49.6,81.4,98.3,55,98.6,28.1,17.7
India,Madhya Pradesh,Gwalior,"Calendar Year (Jan - Dec), 2019",1717,85.025,40.1,94.8,74.1,68.9,62.5,98.6,99.5,63.6,97.7,11.8,37.9
India,Madhya Pradesh,Harda,"Calendar Year (Jan - Dec), 2019",3011,96.75,38.8,88.4,76.3,71.9,63.3,92.3,98.8,45.6,97.3,10,30.8
India,Madhya Pradesh,Indore,"Calendar Year (Jan - Dec), 2019",1835,90.575,28.7,96.5,63.5,74.6,47.9,98.9,100,52.8,94.2,21.7,47.7
India,Madhya Pradesh,Jabalpur,"Calendar Year (Jan - Dec), 2019",525,#DIV/0!,18,94.7,89.2,60.4,48.6,98,99.7,,97.9,7.2,30.4
India,Madhya Pradesh,Jhabua,"Calendar Year (Jan - Dec), 2019",1132,95,49.3,92.9,86.1,63.6,58.7,85.2,98.9,60.3,97.7,36.5,16
India,Madhya Pradesh,Katni,"Calendar Year (Jan - Dec), 2019",1019,94.2,49.5,91.8,84.4,52.9,59.2,94,97.9,44.5,98.9,17.2,32.5
India,Madhya Pradesh,Khandwa (East Nimar),"Calendar Year (Jan - Dec), 2019",869,93.475,38.4,93.2,90,62.2,66.9,88.7,99.3,,97,10.8,27.9
India,Madhya Pradesh,Khargone (West Nimar),"Calendar Year (Jan - Dec), 2019",1657,87.725,31.4,92.8,85.6,61.3,50.5,97,98.8,38.6,99.7,13.3,27.2
India,Madhya Pradesh,Mandla,"Calendar Year (Jan - Dec), 2019",735,93.9,32.1,87.6,81,54.4,60.5,79.7,96.8,64.3,98.5,15,30.5
India,Madhya Pradesh,Mandsaur,"Calendar Year (Jan - Dec), 2019",1812,86.975,30.9,99.4,93.2,60.8,57,77.6,99.9,45.8,99.6,34.8,24.1
India,Madhya Pradesh,Morena,"Calendar Year (Jan - Dec), 2019",1788,84.3,40,94.8,80.9,64.9,68.4,97.1,99.5,52.6,99.4,27.8,25.6
India,Madhya Pradesh,Narmadapuram,"Calendar Year (Jan - Dec), 2019",4623,87.425,34.8,91.8,79.5,31.5,52.4,93.5,97.2,35.3,94.5,16.7,35.5
India,Madhya Pradesh,Narsimhapur,"Calendar Year (Jan - Dec), 2019",1662,87.925,32,91.4,76.2,74.2,46.6,99.8,99,53,98.1,19.6,31.4
India,Madhya Pradesh,Neemuch,"Calendar Year (Jan - Dec), 2019",1878,93.325,33,97.5,86.7,60.6,50.6,91.7,99.6,42,99.7,29.3,27.9
India,Madhya Pradesh,Panna,"Calendar Year (Jan - Dec), 2019",1908,78.875,45.1,84,76.6,30.9,58.8,85.5,95.8,63.4,87.9,22.8,24
India,Madhya Pradesh,Raisen,"Calendar Year (Jan - Dec), 2019",2787,#DIV/0!,30.4,96,93.2,56.6,56.9,92.4,99.3,,98.7,12.6,34.6
India,Madhya Pradesh,Rajgarh,"Calendar Year (Jan - Dec), 2019",2152,84.175,27.6,91.7,80,55.2,52.6,74.2,97.8,46.4,98.3,46,21.3
India,Madhya Pradesh,Ratlam,"Calendar Year (Jan - Dec), 2019",1729,94.775,29,95.2,87.1,65.1,59.4,91,99,61.7,99.3,31.3,23.8
India,Madhya Pradesh,Rewa,"Calendar Year (Jan - Dec), 2019",2318,88.025,37,80.4,76.4,33,61.7,82.1,96.5,60.5,96.2,28.2,23.1
India,Madhya Pradesh,Sagar,"Calendar Year (Jan - Dec), 2019",2054,86.9,42.7,86.9,73.6,35.9,49.5,86.7,98.6,55,94.4,21.4,32.9
India,Madhya Pradesh,Satna,"Calendar Year (Jan - Dec), 2019",1117,87.6,49.4,85.5,75.1,51.5,57.5,92.7,97.8,,89,12.9,31.5
India,Madhya Pradesh,Sehore,"Calendar Year (Jan - Dec), 2019",3654,80.125,21.9,94.7,82.9,45,44.8,92.2,99.2,58.8,95.4,21.7,28.2
India,Madhya Pradesh,Seoni,"Calendar Year (Jan - Dec), 2019",699,94.175,23.5,94.8,86.8,64.5,60,79.1,99.2,57.8,100,11.2,33
India,Madhya Pradesh,Shahdol,"Calendar Year (Jan - Dec), 2019",1274,93.725,44,85.6,83,57.4,56.4,79.2,97.5,56.8,100,27.5,30.7
India,Madhya Pradesh,Shajapur,"Calendar Year (Jan - Dec), 2019",1974,96.175,27.8,98.1,89,64.7,45.9,91.8,99.9,44.5,97.9,24.4,19.6
India,Madhya Pradesh,Sheopur,"Calendar Year (Jan - Dec), 2019",1409,79.375,45.8,84.2,76.6,41,65.3,91.1,98,59.6,95.3,39.5,15.9
India,Madhya Pradesh,Shivpuri,"Calendar Year (Jan - Dec), 2019",721,79.775,39.2,94.5,89.3,52.7,50.7,86.8,97.2,58.4,95.4,32.5,21.2
India,Madhya Pradesh,Sidhi,"Calendar Year (Jan - Dec), 2019",580,91.05,39.1,83.8,80.4,39.4,55.7,83.7,96.4,55.8,97.7,23,27.1
India,Madhya Pradesh,Singrauli,"Calendar Year (Jan - Dec), 2019",474,83.3,37.3,69.9,62.5,58.1,54.4,77.9,92.7,,97.3,24.7,29.9
India,Madhya Pradesh,Tikamgarh,"Calendar Year (Jan - Dec), 2019",551,90.3,27.5,89.8,79.5,64.2,49.9,80,99.7,36.7,99.5,32.6,25.8
India,Madhya Pradesh,Ujjain,"Calendar Year (Jan - Dec), 2019",2650,96.6,34.7,97.1,83,60.3,54.8,94.7,99.3,47,97.3,33.4,29
India,Madhya Pradesh,Umaria,"Calendar Year (Jan - Dec), 2019",1304,95.9,45.3,92.2,89.2,48.9,51.6,79.5,98.2,48.6,96.3,21.2,26.4
India,Maharashtra,Ahmednagar,"Calendar Year (Jan - Dec), 2019",5575,92.65,31.7,97.9,45.5,76.6,50.5,90,94.5,44,94.4,26.9,45.7
India,Maharashtra,Akola,"Calendar Year (Jan - Dec), 2019",1753,84.675,31.8,97.7,65.9,76.3,53.2,95.1,97.6,39.2,98.3,13.5,52.7
India,Maharashtra,Amravati,"Calendar Year (Jan - Dec), 2019",3557,96.075,29,91.3,65.4,71.7,53.6,95.8,99.1,43.3,99.1,9.8,55
India,Maharashtra,Beed,"Calendar Year (Jan - Dec), 2019",3988,87.275,40.8,94,63.7,56.8,51,85.4,94.8,0,97.6,43.7,38.6
India,Maharashtra,Bhandara,"Calendar Year (Jan - Dec), 2019",2584,94.225,31.3,100,94.1,79,65.4,92,98.8,64.7,99.4,1.5,53.9
India,Maharashtra,Buldhana,"Calendar Year (Jan - Dec), 2019",2641,92.85,45,93.9,70.9,72.7,58.5,89.7,97.1,0,100,24.1,41.8
India,Maharashtra,Chandrapur,"Calendar Year (Jan - Dec), 2019",2109,98.75,37.3,99.6,85.2,68.5,55.9,96.5,98.9,0,100,9,57.5
India,Maharashtra,Chhatrapati Sambhajinagar,"Calendar Year (Jan - Dec), 2019",4039,81.775,34.2,94.8,61.1,57.2,52.6,91.7,97,48.2,95,35.8,48.4
India,Maharashtra,Dharashiv,"Calendar Year (Jan - Dec), 2019",2654,96.1,37.2,98.1,68.4,89.2,49.3,96.4,96.8,44.4,95.8,36.6,41.5
India,Maharashtra,Dhule,"Calendar Year (Jan - Dec), 2019",2269,71.125,37.6,77.2,48.8,63.2,60.8,89.9,96,70.6,93.7,40.5,40.8
India,Maharashtra,Gadchiroli,"Calendar Year (Jan - Dec), 2019",1847,99.475,35.7,97.3,90.5,86.8,67.1,83,95.8,39.3,98,10.1,42.3
India,Maharashtra,Gondia,"Calendar Year (Jan - Dec), 2019",1684,92.75,36.9,99.1,88.6,66.2,60.9,91.6,98.2,43.6,98.7,6.5,54.1
India,Maharashtra,Hingoli,"Calendar Year (Jan - Dec), 2019",3114,90.9,37.4,94,68.6,66.6,51.2,92.4,98.1,53.3,98.8,37.1,33.2
India,Maharashtra,Jalgaon,"Calendar Year (Jan - Dec), 2019",3366,80.85,36.3,86.5,40.2,58.4,65.3,94.3,96.8,63.8,91,28,40.8
India,Maharashtra,Jalna,"Calendar Year (Jan - Dec), 2019",4178,74.8,38,92.8,57.3,58.4,58.7,82.8,95.7,47.3,96.1,35,34.3
India,Maharashtra,Kolhapur,"Calendar Year (Jan - Dec), 2019",2958,79.575,33.6,99.2,45.6,81.8,50.1,97.3,98.8,48.9,95.3,21,53.8
India,Maharashtra,Latur,"Calendar Year (Jan - Dec), 2019",2483,88.2,43.2,94.7,66.8,72.6,50.7,94.6,97.2,51,100,31,40.7
India,Maharashtra,Mumbai,"Calendar Year (Jan - Dec), 2019",6233,0,26.6,99.5,55.5,87.1,46.9,100,99.6,19.9,93.1,4.5,71.1
India,Maharashtra,Nagpur,"Calendar Year (Jan - Dec), 2019",3249,96.075,27.6,100,61.9,71.4,54,99.5,99.5,0,96.6,7.1,67.6
India,Maharashtra,Nanded,"Calendar Year (Jan - Dec), 2019",2964,84.3,36,94.8,66.7,53.5,57.5,94.8,96.4,52.9,96.7,32.2,31.6
India,Maharashtra,Nandurbar,"Calendar Year (Jan - Dec), 2019",1313,86.475,45.8,76.3,60.7,58.2,64.1,94.6,96.2,68.2,99.2,24,29.9
India,Maharashtra,Nashik,"Calendar Year (Jan - Dec), 2019",1698,79.85,42.2,90.5,52,66.4,55.4,86.3,95.3,73.4,96,29.6,42.6
India,Maharashtra,Palghar,"Calendar Year (Jan - Dec), 2019",1948,98.5,33,94.2,65.9,86.3,57.2,91.1,97.7,48.5,92.9,14.6,48.3
India,Maharashtra,Parbhani,"Calendar Year (Jan - Dec), 2019",2779,74.725,37.6,85.6,53.6,47.4,59.4,89,96.8,48,89,48,28.8
India,Maharashtra,Pune,"Calendar Year (Jan - Dec), 2019",3677,70.9,30.7,98,43.4,68.6,53.2,96.9,99.4,0,93.1,24,61.2
India,Maharashtra,Raigad,"Calendar Year (Jan - Dec), 2019",1676,95.625,35.8,96.6,54.8,83.1,53.8,87.8,97.9,65.7,98.4,16,45
India,Maharashtra,Ratnagiri,"Calendar Year (Jan - Dec), 2019",3096,86.75,31.7,97.8,53.5,78.6,43.4,90.9,99.2,0,97,4.4,41.2
India,Maharashtra,Sangli,"Calendar Year (Jan - Dec), 2019",3548,87.425,35,98,38.5,80.1,47.6,96.8,98.2,42.3,97.1,27,54.6
India,Maharashtra,Satara,"Calendar Year (Jan - Dec), 2019",2607,92.3,20.2,97.1,43.8,81.7,50.2,95.6,97.9,28.8,96.7,18.1,48.3
India,Maharashtra,Sindhudurg,"Calendar Year (Jan - Dec), 2019",3290,89.525,30.8,100,65.5,73.4,41.3,73.2,99.4,0,100,5,49.4
India,Maharashtra,Solapur,"Calendar Year (Jan - Dec), 2019",1910,89.275,36.3,96.2,51.5,81.9,55.5,90.4,97.1,34.1,96,40.3,36
India,Maharashtra,Thane,"Calendar Year (Jan - Dec), 2019",2275,82.325,40.8,93.6,50.6,70.2,58.8,96.7,99.3,0,93.4,18.4,55.9
India,Maharashtra,Wardha,"Calendar Year (Jan - Dec), 2019",3482,97.45,27.7,98.8,72.4,70.4,60.7,98.5,98.8,36.5,98.6,9,56.5
India,Maharashtra,Washim,"Calendar Year (Jan - Dec), 2019",3071,86,35.3,92.9,65.1,60,57,73.7,97.2,33.8,99.2,27.7,42
India,Maharashtra,Yavatmal,"Calendar Year (Jan - Dec), 2019",1734,90.2,36.6,96.3,67.4,66.9,58.5,89.5,97.2,53.7,98.8,11.7,38.9
India,Manipur,Bishnupur,"Calendar Year (Jan - Dec), 2019",16362,82.125,15.5,89.5,68.6,77.4,35.6,77.7,98.6,39,93.5,20.9,48.7
India,Manipur,Chandel,"Calendar Year (Jan - Dec), 2019",10920,75.75,34,55.5,37.4,66.6,27.7,68.6,99.9,20.3,79.9,22.3,43.3
India,Manipur,Churachandpur,"Calendar Year (Jan - Dec), 2019",10646,78.675,25.1,72.9,50.4,61.3,31,62.5,94,51.8,78.1,10.5,36.6
India,Manipur,Imphal East,"Calendar Year (Jan - Dec), 2019",18578,86.05,18.4,91.7,66.7,87.1,36.3,90.2,98.6,27.4,53.8,15.2,49.9
India,Manipur,Imphal West,"Calendar Year (Jan - Dec), 2019",14173,88.4,15.6,95.7,67.6,93.4,26.4,89.1,99.4,39.5,50,15.3,61.9
India,Manipur,Senapati,"Calendar Year (Jan - Dec), 2019",12254,77.6,27.3,45.8,36.1,64.9,27.9,64.4,98.8,18.3,77.1,15.5,39.6
India,Manipur,Tamenglong,"Calendar Year (Jan - Dec), 2019",8744,79.7,27.1,57.7,53,56.4,26.9,51.6,93.6,31.4,78.3,19.9,33.1
India,Manipur,Thoubal,"Calendar Year (Jan - Dec), 2019",13144,85.225,31.5,87.8,72.4,89.9,23.8,72.5,98.6,32,91.4,17.5,40.7
India,Manipur,Ukhrul,"Calendar Year (Jan - Dec), 2019",13190,61.95,27.1,44.6,21,38.8,21.6,50.9,95,25.7,78.3,11.1,49.7
India,Meghalaya,East Garo Hills,"Calendar Year (Jan - Dec), 2019",2473,81.175,39.7,73.8,73.5,25.5,52.1,67,97.4,29.1,92.1,13.7,40.5
India,Meghalaya,East Jaintia Hills,"Calendar Year (Jan - Dec), 2019",3464,85.3,49.8,48.4,36.3,58.6,43.7,74.6,85.1,46.5,94.6,25.3,23
India,Meghalaya,East Khasi Hills,"Calendar Year (Jan - Dec), 2019",3258,63.3,44.6,63.4,48.4,57.5,48.5,90,96.6,43.7,87.8,14.6,43.5
India,Meghalaya,North Garo Hills,"Calendar Year (Jan - Dec), 2019",4504,59.15,35.6,61.5,60.4,24.3,58.9,51.5,97.5,40.8,85.8,13.2,38.4
India,Meghalaya,Ri Bhoi,"Calendar Year (Jan - Dec), 2019",3648,83.7,42.5,56.9,45.6,61,62.2,86.2,92.1,65,97.5,20.3,23.1
India,Meghalaya,South Garo Hills,"Calendar Year (Jan - Dec), 2019",2370,92.775,29.8,88.3,88.3,33.3,57.7,60.4,98.6,33.7,98.9,10.2,38.4
India,Meghalaya,South West Garo Hills,"Calendar Year (Jan - Dec), 2019",2666,93.175,32.2,83.7,83.7,28.5,63.6,58.6,95.5,37.8,99,15.3,33
India,Meghalaya,South West Khasi Hills,"Calendar Year (Jan - Dec), 2019",3902,87.4,51.4,41.7,37.6,63.4,58.5,85.3,87.9,63.2,97,21.6,23.4
India,Meghalaya,West Garo Hills,"Calendar Year (Jan - Dec), 2019",3235,89.075,39.5,89.6,85.1,48,57.2,83.7,94.7,26.7,97.6,10.4,45.1
India,Meghalaya,West Jaintia Hills,"Calendar Year (Jan - Dec), 2019",2917,76.35,48.7,42.2,31.9,43.1,55.3,70.6,75.4,64.6,88.1,19.9,24.7
India,Meghalaya,West Khasi Hills,"Calendar Year (Jan - Dec), 2019",2947,73.5,59,41.7,36.1,64,52.1,80.5,85,49.6,97.3,30.3,16.4
India,Mizoram,Aizawl,"Calendar Year (Jan - Dec), 2019",9812,76.9,25.3,97.4,76.3,68.5,31.6,98.3,99.7,33.4,93.1,3.2,60.7
India,Mizoram,Champhai,"Calendar Year (Jan - Dec), 2019",4336,92.125,27.2,96.7,91.5,63.4,26.1,98.6,100,15.7,100,11,47.8
India,Mizoram,Kolasib,"Calendar Year (Jan - Dec), 2019",4834,86.825,30.4,91.4,82.9,66,37.3,95.3,99.1,43.8,97.8,13.7,41.7
India,Mizoram,Lawngtlai,"Calendar Year (Jan - Dec), 2019",7318,75.45,32.7,53.7,48.4,33,48.6,82.2,89,46.5,93.8,16,32.2
India,Mizoram,Lunglei,"Calendar Year (Jan - Dec), 2019",5717,82.875,26.5,82.7,69.4,56.7,35.1,96,98,27.5,99.2,4.8,46.3
India,Mizoram,Mamit,"Calendar Year (Jan - Dec), 2019",4150,94.075,26.4,75,71.8,52.5,35.1,97.3,97.9,29.9,98.9,16.8,40
India,Mizoram,Serchhip,"Calendar Year (Jan - Dec), 2019",6449,86.525,31.8,96.2,90.7,60.3,31.7,97.7,99.3,43.4,99.3,7.2,43.1
India,Mizoram,Siaha,"Calendar Year (Jan - Dec), 2019",7521,64.3,43.8,73.8,70.3,35.5,45.1,95.2,99.7,30,96.9,11.8,50.2
India,Nagaland,Dimapur,"Calendar Year (Jan - Dec), 2019",7330,73.55,28.3,73.7,43.2,50.1,34.8,92.4,99.8,32.9,82.3,4.4,52.5
India,Nagaland,Kiphire,"Calendar Year (Jan - Dec), 2019",6288,65.4,36.9,34.8,33.8,5.8,31.9,90.9,97.9,19.5,92.4,22.5,22
India,Nagaland,Kohima,"Calendar Year (Jan - Dec), 2019",4970,90.35,28.3,66.9,44.7,28.3,15.6,89.9,99.5,3.9,95.2,1,70.9
India,Nagaland,Longleng,"Calendar Year (Jan - Dec), 2019",7152,70.95,34.1,38.7,37.8,15.4,34.9,76.3,99.1,30.5,91.6,11,23.8
India,Nagaland,Mokokchung,"Calendar Year (Jan - Dec), 2019",6242,98.025,31.4,51.5,47.3,18.2,25.8,97.4,97.7,11.5,96.6,6,55.8
India,Nagaland,Mon,"Calendar Year (Jan - Dec), 2019",2965,80.45,35.5,21.4,20.2,9.7,30.4,86.7,96.4,27,95.8,3,24.3
India,Nagaland,Peren,"Calendar Year (Jan - Dec), 2019",4945,76.025,34.9,43.5,38.7,14.5,29.9,92.5,98.2,26.4,97.3,9.1,35.5
India,Nagaland,Phek,"Calendar Year (Jan - Dec), 2019",5886,73.275,28,32.2,29.2,9.5,31,98.1,99.4,18.2,97.6,6.5,39.4
India,Nagaland,Tuensang,"Calendar Year (Jan - Dec), 2019",3394,58.25,37.1,34.8,34.1,4.4,29.3,90.4,96.6,20,90.9,10.4,27
India,Nagaland,Wokha,"Calendar Year (Jan - Dec), 2019",7125,63.325,26.3,43.6,24.2,34.7,31,83.4,99.7,29.8,96.8,3.2,45.3
India,Nagaland,Zunheboto,"Calendar Year (Jan - Dec), 2019",7554,74.45,44,35,32.2,11.2,30.6,91,99.4,40.8,90.7,4,40.2
India,Odisha,Anugul,"Calendar Year (Jan - Dec), 2019",3832,94.35,28.1,85.7,67.6,83.7,75.8,76.2,96.7,75.7,99.6,25,33.7
India,Odisha,Balangir,"Calendar Year (Jan - Dec), 2019",4128,97.3,32.7,97.9,90.9,95.4,59.7,92.9,97.8,48.1,100,14,31.4
India,Odisha,Baleshwar,"Calendar Year (Jan - Dec), 2019",7183,98.525,24.4,97.6,80.8,56.6,61.5,98.5,97.1,,98.2,26.4,38.3
India,Odisha,Bargarh,"Calendar Year (Jan - Dec), 2019",4112,97.95,38.9,99.6,91.9,70.1,62.8,98,98.4,57.6,100,8.6,37.4
India,Odisha,Bhadrak,"Calendar Year (Jan - Dec), 2019",5596,93.8,32.3,96.1,74,74.9,63.8,100,97.8,70.4,99.6,10.4,37
India,Odisha,Boudh,"Calendar Year (Jan - Dec), 2019",4249,94.85,37,93.4,86.7,79,54.6,92.5,96.3,40.7,99.6,25.3,29.9
India,Odisha,Cuttack,"Calendar Year (Jan - Dec), 2019",4988,93.325,20.4,98.9,69.5,84.2,64.7,92.3,98.2,,100,14.2,40.9
India,Odisha,Deogarh,"Calendar Year (Jan - Dec), 2019",4319,100,28.4,91.2,76.6,77.5,72.1,86.2,95.3,,100,19.2,31.3
India,Odisha,Dhenkanal,"Calendar Year (Jan - Dec), 2019",5371,97.15,33.3,94.8,72.8,75.8,66.1,63.4,96.3,60,100,23.7,33.3
India,Odisha,Gajapati,"Calendar Year (Jan - Dec), 2019",3487,94.475,43.4,76.4,71.2,83,65.6,78.1,94.1,77.4,99.5,28.1,22.5
India,Odisha,Ganjam,"Calendar Year (Jan - Dec), 2019",3823,91.85,23.9,93,72.3,82.7,56.9,89.6,99.3,52.9,99.1,22.3,32.6
India,Odisha,Jagatsinghapur,"Calendar Year (Jan - Dec), 2019",5897,97.3,13.2,98.3,79.1,82.6,60.4,99.5,98.2,,98.2,12,46.6
India,Odisha,Jajapur,"Calendar Year (Jan - Dec), 2019",5002,91.75,25.5,93.8,74.4,73.8,63.4,92,97,62.4,99.2,11.4,38
India,Odisha,Jharsuguda,"Calendar Year (Jan - Dec), 2019",5720,99.4,27.1,98.6,66.7,94.1,68.1,88.4,98.1,,100,8.5,40.9
India,Odisha,Kalahandi,"Calendar Year (Jan - Dec), 2019",2271,95.6,33,92.8,84.7,82.9,64,96.5,97.2,70.2,99.4,16.3,26.5
India,Odisha,Kandhamal,"Calendar Year (Jan - Dec), 2019",2210,98.8,34.2,93.9,92.4,81.1,48.8,64.4,96.6,53.4,100,20,28.1
India,Odisha,Kendrapara,"Calendar Year (Jan - Dec), 2019",7842,90.45,28.6,96.7,77.3,77.1,58.9,99.7,99.5,56,99.1,9.4,42.5
India,Odisha,Kendujhar,"Calendar Year (Jan - Dec), 2019",3467,91.525,36.2,80.4,70,57.1,69,92.9,91.1,74.7,98.3,29,29.5
India,Odisha,Khordha,"Calendar Year (Jan - Dec), 2019",5081,94.825,17.1,97.8,70.6,91,67.9,94.6,99.5,73.4,100,17.1,43.2
India,Odisha,Koraput,"Calendar Year (Jan - Dec), 2019",1535,99.5,43.1,82.1,79.2,79.2,58.2,89.5,96.2,59.3,99.7,35.5,17.6
India,Odisha,Malkangiri,"Calendar Year (Jan - Dec), 2019",1782,97.325,44.3,90.7,89.9,82.8,71.8,94.7,95.8,74.3,99.1,32.4,14
India,Odisha,Mayurbhanj,"Calendar Year (Jan - Dec), 2019",2841,89.25,36.7,91.7,90.2,52.9,73,80.1,90.3,56,98.7,31.3,25.1
India,Odisha,Nabarangpur,"Calendar Year (Jan - Dec), 2019",2741,97.075,44.1,87.6,84.6,87.7,69.7,99.1,97.4,60.7,100,39.4,15.5
India,Odisha,Nayagarh,"Calendar Year (Jan - Dec), 2019",3481,97.15,20,98.3,75.2,90.3,62.6,82.9,98.3,61.6,100,35.7,27.1
India,Odisha,Nuapada,"Calendar Year (Jan - Dec), 2019",3418,98.85,43.1,89.8,85.1,71.7,64.3,97.5,94.6,57.3,100,15.6,27.3
India,Odisha,Puri,"Calendar Year (Jan - Dec), 2019",4812,98.95,13.8,97.7,83.5,94.9,63.3,98.5,99.5,,99.5,10.2,38.1
India,Odisha,Rayagada,"Calendar Year (Jan - Dec), 2019",1972,93.75,43.6,68.9,63.5,85.3,68.8,91.3,96.6,77.3,99.6,33.2,19.1
India,Odisha,Sambalpur,"Calendar Year (Jan - Dec), 2019",4191,99.5,40.7,99.5,88.7,89,67.1,93,98.8,,100,7.4,36.5
India,Odisha,Sonepur,"Calendar Year (Jan - Dec), 2019",5064,99.5,29.6,96.1,83,87.8,58.8,94.2,98.7,,100,16.9,37.8
India,Odisha,Sundargarh,"Calendar Year (Jan - Dec), 2019",4756,87.15,32.9,91.3,80.3,73.1,69.8,91.5,97.1,68.4,99.1,12.9,35.6
India,Puducherry,Karaikal,"Calendar Year (Jan - Dec), 2019",2788,96.2,25.5,99.6,67.2,88.3,53.7,99.9,99.6,66.3,99.3,7.2,59
India,Puducherry,Mahe,"Calendar Year (Jan - Dec), 2019",8288,98.825,48.2,100,45.6,85,38.8,98,99.7,25.6,94.4,2.8,88.2
India,Puducherry,Pondicherry,"Calendar Year (Jan - Dec), 2019",3317,91.95,17,99.5,81.9,87,57.5,100,100,,98.9,5.7,67.2
India,Puducherry,Yanam,"Calendar Year (Jan - Dec), 2019",2763,90,25,100,53.1,79.8,43.5,100,99.8,,98.2,15.9,51.6
India,Punjab,Amritsar,"Calendar Year (Jan - Dec), 2019",3822,86.175,19.4,95.9,49.1,56.5,52.6,99.6,99.9,35.1,98.6,9.2,56.7
India,Punjab,Barnala,"Calendar Year (Jan - Dec), 2019",4033,85.75,33.8,96.7,67.3,63.8,55.2,99.8,99.8,58.5,93.9,12.8,53.1
India,Punjab,Bathinda,"Calendar Year (Jan - Dec), 2019",5366,85.9,23,93.1,60.8,48.2,59.7,99.1,100,,90.9,14.2,41.1
India,Punjab,Faridkot,"Calendar Year (Jan - Dec), 2019",3455,85.2,28.1,94.3,66.3,53.4,63.4,92.5,99,57.7,92.8,11.9,46.5
India,Punjab,Fatehgarh Sahib,"Calendar Year (Jan - Dec), 2019",5296,90.425,30,96.6,54.5,76,64.7,99.7,99.6,,99.5,7.3,62.3
India,Punjab,Fazilka,"Calendar Year (Jan - Dec), 2019",1803,83.95,35.9,91.7,53.2,36.5,67.1,97.3,99.8,62.6,95,12.4,41.3
India,Punjab,Ferozepur,"Calendar Year (Jan - Dec), 2019",3051,89.25,30,95.5,60.1,48.4,61.4,95.6,99.6,62,97.2,10.5,47.5
India,Punjab,Gurdaspur,"Calendar Year (Jan - Dec), 2019",3575,88.8,25.1,92.4,47.1,61.1,55.7,97.6,99.1,43.1,98.7,6.5,64.6
India,Punjab,Hoshiarpur,"Calendar Year (Jan - Dec), 2019",3682,95.9,19.3,98.3,50.4,59.7,54.2,99.9,99.9,,100,4.7,73.2
India,Punjab,Jalandhar,"Calendar Year (Jan - Dec), 2019",3680,96.075,24.8,92.3,40.8,72.8,57.3,99.9,99.6,,98.8,7.4,64.4
India,Punjab,Kapurthala,"Calendar Year (Jan - Dec), 2019",3300,85.75,24.6,95,48.1,51.4,54.7,99.4,99.8,,95.3,6.9,60.3
India,Punjab,Ludhiana,"Calendar Year (Jan - Dec), 2019",3157,81.2,22.1,90.1,48.2,65.2,65,99.9,99.7,,96.2,6.5,61.6
India,Punjab,Mansa,"Calendar Year (Jan - Dec), 2019",2903,91.375,36.6,88.8,63.8,49.4,60.2,99.3,99.5,68.2,94.9,11.5,37.5
India,Punjab,Moga,"Calendar Year (Jan - Dec), 2019",2488,88.825,22,93,64.1,58.4,54.7,99.2,99.9,,99.5,13.1,45.2
India,Punjab,Pathankot,"Calendar Year (Jan - Dec), 2019",3141,88.35,22.1,94.8,50.9,52.4,55.8,98.6,99.9,31.8,97.9,4.6,74
India,Punjab,Patiala,"Calendar Year (Jan - Dec), 2019",3696,88.175,20.3,97.3,57.1,72,65.1,99.1,99.7,71.7,93.6,7.8,56
India,Punjab,Rupnagar,"Calendar Year (Jan - Dec), 2019",5635,86.025,15.1,97.8,46.2,65.2,64.4,98.5,99.8,,96.7,2.4,64
India,Punjab,S.A.S Nagar,"Calendar Year (Jan - Dec), 2019",5710,83.675,26.2,97.4,74.7,69,59.6,99.9,99.6,56.4,98.6,10.6,62.5
India,Punjab,Sangrur,"Calendar Year (Jan - Dec), 2019",5693,95.275,23.4,94.7,58.8,47.7,52.7,99.7,99.6,49.4,96.5,8,54.4
India,Punjab,Shahid Bhagat Singh Nagar,"Calendar Year (Jan - Dec), 2019",2450,100,17.9,99.3,41.7,60.5,49.9,99.7,100,,100,6.4,65.4
India,Punjab,Sri Muktsar Sahib,"Calendar Year (Jan - Dec), 2019",2177,76.9,35,96.4,61.3,57.9,60.9,97.8,99.5,,95.5,8.6,39.8
India,Punjab,Tarn Taran,"Calendar Year (Jan - Dec), 2019",3104,90.475,23.8,96,53.2,60.3,61.9,95.6,99.7,,99,10.7,40.4
India,Rajasthan,Ajmer,"Calendar Year (Jan - Dec), 2019",1986,90.675,22.3,95.1,82.1,52.8,52.5,98.1,99.9,59.6,97.5,20.2,40.2
India,Rajasthan,Alwar,"Calendar Year (Jan - Dec), 2019",1829,79.375,33.9,91.3,64,30,53.3,97.6,97.8,49,91.8,32.2,35.1
India,Rajasthan,Banswara,"Calendar Year (Jan - Dec), 2019",1153,91.975,44.6,97.7,83.8,69.9,53.1,95.6,93.1,43.3,96.7,25,28.5
India,Rajasthan,Baran,"Calendar Year (Jan - Dec), 2019",1590,95.575,46,97.3,91.4,79.3,60.1,96.1,98.3,59.3,100,26.8,24.4
India,Rajasthan,Barmer,"Calendar Year (Jan - Dec), 2019",1117,94.325,39.1,93.3,86,64.9,50,99.9,95.5,36.6,99.8,20.2,25.6
India,Rajasthan,Bharatpur,"Calendar Year (Jan - Dec), 2019",2773,81.625,40.3,92.1,74.6,33.2,61,93.9,98.3,56.1,95.5,33.5,30.3
India,Rajasthan,Bhilwara,"Calendar Year (Jan - Dec), 2019",1248,90.675,22.6,95,87.4,64.7,50.7,93.1,99.3,42.8,99.4,41.8,25.3
India,Rajasthan,Bikaner,"Calendar Year (Jan - Dec), 2019",2492,86.075,22.8,90,81.8,50.5,59.4,94.9,96.1,46.4,98.7,33.3,30.2
India,Rajasthan,Bundi,"Calendar Year (Jan - Dec), 2019",1961,91.05,30,95.3,83.7,74,56.3,95.7,98.4,44.8,97.9,34.1,27.4
India,Rajasthan,Chittorgarh,"Calendar Year (Jan - Dec), 2019",3139,95.75,31.4,96.8,85.3,75,45.4,97.6,99,38.4,97.2,42.6,24.8
India,Rajasthan,Churu,"Calendar Year (Jan - Dec), 2019",2104,87.1,27.1,87.8,67.4,45,53,98.2,96.6,51.5,97.4,27.9,33.4
India,Rajasthan,Dausa,"Calendar Year (Jan - Dec), 2019",1902,96.45,37.7,98.2,74.3,53.6,60.3,99.4,99,60,98.3,26.3,34.6
India,Rajasthan,Dholpur,"Calendar Year (Jan - Dec), 2019",1362,94.825,45.7,94.4,86.1,42.4,68.8,94.8,97.5,63.7,97.1,29.6,27
India,Rajasthan,Dungarpur,"Calendar Year (Jan - Dec), 2019",1525,93.05,31.4,94.1,81.2,50.6,73.6,94.1,99.4,53.3,100,16.9,32.5
India,Rajasthan,Ganganagar,"Calendar Year (Jan - Dec), 2019",1902,94.075,24.5,97.7,74,58.7,58.8,94.4,96.9,64.3,99.2,13.6,39.3
India,Rajasthan,Hanumangarh,"Calendar Year (Jan - Dec), 2019",2057,92.175,24.2,94.9,65.7,53.1,60.4,97.8,99,55.8,99.7,18.6,38.4
India,Rajasthan,Jaipur,"Calendar Year (Jan - Dec), 2019",3252,95.9,25,97.3,67,53.5,54.4,99.9,99.5,43.7,97.6,23.1,47.9
India,Rajasthan,Jaisalmer,"Calendar Year (Jan - Dec), 2019",2110,81.125,25.5,90,81.1,47.6,44.7,95.2,97.3,35.5,98.4,28.9,18.7
India,Rajasthan,Jalore,"Calendar Year (Jan - Dec), 2019",1460,88.725,44.3,95.5,73.7,71.2,60.8,98.3,98.4,43.5,98,23.3,22.2
India,Rajasthan,Jhalawar,"Calendar Year (Jan - Dec), 2019",1692,91.025,34,98.3,92.2,72.3,51.7,92.4,99.3,48.5,99.8,37.8,22.4
India,Rajasthan,Jhunjhunu,"Calendar Year (Jan - Dec), 2019",2435,94.825,20.9,97.1,64.8,49.2,55.5,98.4,99,50.7,98.9,18.1,45.2
India,Rajasthan,Jodhpur,"Calendar Year (Jan - Dec), 2019",2286,89.05,32.6,90,73.9,56.7,44.2,96.5,98.4,23.6,99.4,28.1,34.6
India,Rajasthan,Karauli,"Calendar Year (Jan - Dec), 2019",1987,95.3,37.6,97.6,76.9,42,61.1,94.8,98.7,70.1,97.4,33.5,22.7
India,Rajasthan,Kota,"Calendar Year (Jan - Dec), 2019",1647,92.95,29.5,97.9,77.8,81.3,51.8,99.6,99.4,49.5,98.7,13.2,44
India,Rajasthan,Nagaur,"Calendar Year (Jan - Dec), 2019",2450,90.5,31.5,97,77,46.2,45.6,96.9,99,33.2,99.5,28.2,32.3
India,Rajasthan,Pali,"Calendar Year (Jan - Dec), 2019",2269,95.5,35.9,98.8,82.4,45,59.7,96.2,99.7,42.1,98.5,11.8,36.6
India,Rajasthan,Pratapgarh,"Calendar Year (Jan - Dec), 2019",1213,91.675,29,96.4,92.3,52.9,53,88.6,97,56.2,98.7,30.9,23.5
India,Rajasthan,Rajsamand,"Calendar Year (Jan - Dec), 2019",1413,83.1,30.3,95.1,84.3,60.7,58.6,94.8,98.9,52.3,99.7,27.5,33.9
India,Rajasthan,Sawai Madhopur,"Calendar Year (Jan - Dec), 2019",2083,76.825,26.9,97.4,83.2,47.3,57.6,92.5,95.5,55.9,95.3,35.4,28.3
India,Rajasthan,Sikar,"Calendar Year (Jan - Dec), 2019",5927,85.1,23.1,95.8,54.8,50.4,44.3,99.4,99.2,32.9,97.2,18,41.4
India,Rajasthan,Sirohi,"Calendar Year (Jan - Dec), 2019",1614,91.575,30.7,95.7,82.6,69.5,65.3,93.6,93.9,42.2,99.7,18,25.7
India,Rajasthan,Tonk,"Calendar Year (Jan - Dec), 2019",2303,87.7,33.1,97.4,84.9,66.2,52.9,90.9,97.8,49.9,97.8,37.2,27.3
India,Rajasthan,Udaipur,"Calendar Year (Jan - Dec), 2019",1480,91.475,34,96.1,89.4,62.3,61.4,92.7,98.1,39.7,100,18.2,30.1
India,Sikkim,Gangtok,"Calendar Year (Jan - Dec), 2019",8471,0,17.8,91.8,70.4,43.8,43.3,93.6,99.4,0,91.9,9.4,53.2
India,Sikkim,Gyalshing,"Calendar Year (Jan - Dec), 2019",5361,98.1,25.2,99.3,89.9,70.4,42.6,89.9,98.8,0,96.4,14.1,43.9
India,Sikkim,Mangan,"Calendar Year (Jan - Dec), 2019",7390,96.925,31.8,97.3,91.1,59.4,37,94.7,98.9,26.9,95.5,16,37.7
India,Sikkim,Namchi,"Calendar Year (Jan - Dec), 2019",11031,88.725,24.8,97.4,86.4,84.5,39.9,93.3,99.6,0,99.4,9.9,45.7
India,Tamil Nadu,Ariyalur,"Calendar Year (Jan - Dec), 2019",4664,96.1,25.3,100,72.1,91.4,62.4,93.2,98.2,64.1,100,12.4,50.7
India,Tamil Nadu,Chennai,"Calendar Year (Jan - Dec), 2019",3951,98.3,20.4,100,60.1,89.9,50.5,98.7,99.9,,96.8,1.9,76.7
India,Tamil Nadu,Coimbatore,"Calendar Year (Jan - Dec), 2019",5609,97.775,23,100,60.1,90,48.8,99.9,99.4,51,100,19.8,62.8
India,Tamil Nadu,Cuddalore,"Calendar Year (Jan - Dec), 2019",3803,90.55,20.2,99.2,72.5,82.2,58.6,99.5,99.2,,98.3,12.6,50.1
India,Tamil Nadu,Dharmapuri,"Calendar Year (Jan - Dec), 2019",2808,95.35,28.7,99.6,73,94.5,42,98.7,99.4,,100,16.7,54.4
India,Tamil Nadu,Dindigul,"Calendar Year (Jan - Dec), 2019",2828,95.45,27.1,97,74.6,96.2,42.9,99.5,98.8,34.6,99.1,20.5,50.1
India,Tamil Nadu,Erode,"Calendar Year (Jan - Dec), 2019",2401,98.975,19.4,100,51.4,93.9,55.3,98.9,99.6,,100,13.7,57.8
India,Tamil Nadu,Kanchipuram,"Calendar Year (Jan - Dec), 2019",3531,88.15,20.6,100,68.5,76.1,57,99.4,99.4,,97.6,10,56.8
India,Tamil Nadu,Kanniyakumari,"Calendar Year (Jan - Dec), 2019",3170,99,17.3,100,39.4,84.2,45.5,98.2,99.8,46.5,97.3,4.3,77.1
India,Tamil Nadu,Karur,"Calendar Year (Jan - Dec), 2019",2586,90.55,33.6,100,56.8,95.7,65.5,99.4,98.7,,97.3,13.3,51.2
India,Tamil Nadu,Krishnagiri,"Calendar Year (Jan - Dec), 2019",2081,91.55,29,99.6,75.9,93.1,44.3,99.8,99.2,33.3,99.5,20.3,53.9
India,Tamil Nadu,Madurai,"Calendar Year (Jan - Dec), 2019",3317,93.85,32.4,100,70,89.5,48.3,98.7,98.9,,100,11.5,58.6
India,Tamil Nadu,Nagapattinam,"Calendar Year (Jan - Dec), 2019",4655,96.65,32.3,99.7,69,93.1,63.2,100,99,44.8,100,6.3,53.7
India,Tamil Nadu,Namakkal,"Calendar Year (Jan - Dec), 2019",3435,93.125,25.2,100,59.8,97.8,51.9,99.5,99.2,,100,14.2,55.7
India,Tamil Nadu,Perambalur,"Calendar Year (Jan - Dec), 2019",3707,93.7,29.1,100,69.5,92.2,66.9,100,99.1,,99.4,21.4,49
India,Tamil Nadu,Pudukkottai,"Calendar Year (Jan - Dec), 2019",2610,93.625,32.2,100,68.6,91.6,62.5,95.7,98.9,62.2,99.2,11.6,52.2
India,Tamil Nadu,Ramanathapuram,"Calendar Year (Jan - Dec), 2019",3729,94.975,26.4,99.6,72.5,88.2,53.8,93.9,99.3,46.7,100,14.7,53.7
India,Tamil Nadu,Salem,"Calendar Year (Jan - Dec), 2019",3965,88.1,23.6,100,63.7,85,46.5,97.6,99.5,,100,23.7,51.3
India,Tamil Nadu,Sivaganga,"Calendar Year (Jan - Dec), 2019",3143,94.775,27.6,100,73.3,90.9,51.6,96.5,99.4,,99.3,4.5,59.9
India,Tamil Nadu,Thanjavur,"Calendar Year (Jan - Dec), 2019",3425,88.525,19.6,100,59.5,93.7,59.1,99.7,98.8,,99,4.1,54.3
India,Tamil Nadu,The Nilgiris,"Calendar Year (Jan - Dec), 2019",3438,97.025,26.7,100,62.2,92.5,44.4,96.4,98.6,,99.4,11.1,63.4
India,Tamil Nadu,Theni,"Calendar Year (Jan - Dec), 2019",1773,97.075,20.2,100,81.7,98.7,41.3,99.9,99.4,36.6,100,16,56.9
India,Tamil Nadu,Thiruvallur,"Calendar Year (Jan - Dec), 2019",3668,95.65,18.1,100,72.3,85.4,56.9,100,99.8,,95.6,13.4,57.2
India,Tamil Nadu,Thiruvarur,"Calendar Year (Jan - Dec), 2019",4590,99.275,19.8,100,62.7,92.3,58.3,100,98.6,,97.2,9.1,57.5
India,Tamil Nadu,Tiruchirappalli,"Calendar Year (Jan - Dec), 2019",2593,97.825,27.6,98.6,65.3,90.5,62.5,98.1,99,,98.8,13.5,57.1
India,Tamil Nadu,Tirunelveli,"Calendar Year (Jan - Dec), 2019",3281,96.05,29.4,100,47.2,85,51.5,98.1,99.5,,98,10.7,54.2
India,Tamil Nadu,Tiruppur,"Calendar Year (Jan - Dec), 2019",5017,#DIV/0!,21.5,100,61,93.5,55.9,99.8,99.5,40.8,100,10.5,55.1
India,Tamil Nadu,Tiruvannamalai,"Calendar Year (Jan - Dec), 2019",2724,97.1,30.6,99.1,85.8,97.7,56.3,98.5,99,,100,11.6,50.2
India,Tamil Nadu,Tuticorin,"Calendar Year (Jan - Dec), 2019",3180,100,20.3,100,59.1,80.7,56.3,97,100,,100,8.9,59.5
India,Tamil Nadu,Vellore,"Calendar Year (Jan - Dec), 2019",2272,95.175,29.8,99.5,67.6,95.4,50.7,97.7,99.3,,100,14.9,52.5
India,Tamil Nadu,Villupuram,"Calendar Year (Jan - Dec), 2019",3255,95.675,23.9,99.1,84.3,94.9,62.6,98.4,99.7,,96,19,45.7
India,Tamil Nadu,Virudhunagar,"Calendar Year (Jan - Dec), 2019",2607,94.175,29.2,97.8,66.3,83.4,57.1,97.4,99.5,,99.3,15.5,53.5
India,Telangana,Adilabad,"Calendar Year (Jan - Dec), 2019",4105,83.175,45.7,94.1,66.8,74.8,61.1,95.7,99.2,61,94.1,21.4,41
India,Telangana,Bhadradri Kothagudem,"Calendar Year (Jan - Dec), 2019",3255,93.625,28.4,97.4,53.9,70.1,69.3,99.1,99.4,50.6,98.6,20.8,41.8
India,Telangana,Hanumakonda,"Calendar Year (Jan - Dec), 2019",2825,84.25,29.5,99.7,41.9,71.3,57.8,99.1,99.6,0,96.4,22.7,57.2
India,Telangana,Hyderabad,"Calendar Year (Jan - Dec), 2019",2815,77.925,30.4,98.3,48.3,69.9,52.5,99.6,99.9,0,94.4,10.6,63.2
India,Telangana,Jagitial,"Calendar Year (Jan - Dec), 2019",3494,89.95,29.9,94.4,39.8,81.9,56.4,97.3,99.3,0,95.5,28.4,43.5
India,Telangana,Jangoan,"Calendar Year (Jan - Dec), 2019",4741,92.075,33.4,99.6,49.6,65.4,57.3,99.4,99.3,0,98.9,20.3,44
India,Telangana,Jayashankar Bhupalapally,"Calendar Year (Jan - Dec), 2019",5993,93.925,32.5,99.5,61.3,72.7,66.4,95.1,99.3,0,94,24.9,36.3
India,Telangana,Jogulamba Gadwal,"Calendar Year (Jan - Dec), 2019",2832,92,49.7,94.2,46.5,72.9,64.1,97,99.8,76.9,96.5,34.6,27.4
India,Telangana,Kamareddy,"Calendar Year (Jan - Dec), 2019",5957,89.4,33.4,97.1,59.1,79.5,59.5,99.4,99.5,0,96.8,30.8,35.6
India,Telangana,Karimnagar,"Calendar Year (Jan - Dec), 2019",4573,90.1,30.3,98.4,34.2,69.6,61.1,98.3,99.7,61,88.2,11.9,50.8
India,Telangana,Khammam,"Calendar Year (Jan - Dec), 2019",3771,92.9,22.2,97.9,39,76.3,62.2,98.4,99.7,68.8,99.4,35,40.9
India,Telangana,Kumuram Bheem Asifabad,"Calendar Year (Jan - Dec), 2019",4121,92.65,38.1,82,55.7,68.8,67.3,93.6,97.8,65.8,96.7,25,28.7
India,Telangana,Mahabubabad,"Calendar Year (Jan - Dec), 2019",3234,85.15,33,97.7,41.5,67.7,63,98.2,99.6,54.1,98.1,28.3,34.7
India,Telangana,Mahabubnagar,"Calendar Year (Jan - Dec), 2019",2369,95.15,42.6,98.1,59.2,62.6,55.1,99.6,99.4,44.9,98.7,23.4,40.4
India,Telangana,Mancherial,"Calendar Year (Jan - Dec), 2019",3041,90.8,25.9,90.1,33.9,64.7,57.1,95.6,99.6,0,93.6,14,48.8
India,Telangana,Medak,"Calendar Year (Jan - Dec), 2019",6139,83.875,36.4,98.9,62.2,68.5,54.8,99.9,99.4,0,97.7,31.8,39.3
India,Telangana,Medchal Malkajgiri,"Calendar Year (Jan - Dec), 2019",3534,86.1,33.4,98.3,39.4,69.6,57.4,99.9,100,0,96.2,10.2,59.3
India,Telangana,Mulugu,"Calendar Year (Jan - Dec), 2019",5993,93.925,32.5,99.5,61.3,72.7,66.4,95.1,99.3,0,94,24.9,36.3
India,Telangana,Nagarkurnool,"Calendar Year (Jan - Dec), 2019",2975,87.975,35.1,98,56.2,75.1,53.5,99.6,99.9,0,97,32.1,36
India,Telangana,Nalgonda,"Calendar Year (Jan - Dec), 2019",4320,90.15,31.7,98.3,57.4,65.7,54.2,99.2,99.9,58.3,98.7,28.2,40.9
India,Telangana,Nirmal,"Calendar Year (Jan - Dec), 2019",5080,92.5,31.7,96.7,31.3,69.7,58.1,98.3,99.5,47.2,96.9,23.3,40.9
India,Telangana,Nizamabad,"Calendar Year (Jan - Dec), 2019",5262,93.7,30.5,97.3,46.4,78.5,57.7,99.4,99.9,38.9,96.2,23.7,42.4
India,Telangana,Peddapalli,"Calendar Year (Jan - Dec), 2019",3850,92.525,27.5,96.5,45.8,77.9,64.6,98,99.5,0,92.9,13.6,46.6
India,Telangana,Rajanna Sircilla,"Calendar Year (Jan - Dec), 2019",3065,92.925,22.4,97.6,37.7,67.1,56.6,98.7,99.8,36.6,99,13.2,46.4
India,Telangana,Ranga Reddy,"Calendar Year (Jan - Dec), 2019",3499,89.175,37.8,97.2,48.2,75.1,53.6,99.4,99.7,44.8,95.3,29,51.4
India,Telangana,Sangareddy,"Calendar Year (Jan - Dec), 2019",4718,89.075,32.9,93,63.2,66.4,47.9,99.4,99.6,63.9,98.3,30.6,41.5
India,Telangana,Siddipet,"Calendar Year (Jan - Dec), 2019",5528,82.725,28.1,99.7,47.3,62.6,56.9,97.2,99.5,0,98.9,19,51.3
India,Telangana,Suryapet,"Calendar Year (Jan - Dec), 2019",3615,83.075,29.1,95.9,40.5,70.4,58.1,99.8,99.4,39.8,99.7,29.5,42.5
India,Telangana,Vikarabad,"Calendar Year (Jan - Dec), 2019",3201,92.6,32.1,95,54.9,54.8,61.3,99.7,99.1,0,98.7,39.8,38.3
India,Telangana,Wanaparthy,"Calendar Year (Jan - Dec), 2019",2989,93.375,40.4,99,51.4,62.8,58.5,99.4,99.2,63.5,100,32.6,37
India,Telangana,Warangal,"Calendar Year (Jan - Dec), 2019",3713,89.5,36.1,100,63.1,70.4,59.2,99,99.7,61.5,98.7,22.9,40
India,Telangana,Yadadri Bhuvanagiri,"Calendar Year (Jan - Dec), 2019",3082,88.15,38.3,97.7,54.9,67.2,54.3,99.7,99.6,38.5,97.9,21.6,48
India,The Dadra And Nagar Haveli And Daman And Diu,Dadra And Nagar Haveli,"Calendar Year (Jan - Dec), 2019",502,100,42.4,96.3,75.8,90.9,64.5,94.8,99.7,62.1,99.7,30,31.5
India,The Dadra And Nagar Haveli And Daman And Diu,Daman,"Calendar Year (Jan - Dec), 2019",1200,86.3,30,97.4,60.5,70.5,60.8,96,99.5,0,96.6,22.8,42.9
India,The Dadra And Nagar Haveli And Daman And Diu,Diu,"Calendar Year (Jan - Dec), 2019",1310,98.225,33.9,95.7,63.9,90.7,50.4,99.7,100,43.3,97,2.3,52.7
India,Tripura,Dhalai,"Calendar Year (Jan - Dec), 2019",4010,87.625,45.7,87.3,84.5,52,69.7,70.3,97.7,75.4,90.7,38.9,13.9
India,Tripura,Gomati,"Calendar Year (Jan - Dec), 2019",10954,85.3,22.7,93.2,90,40.6,62.6,87.7,98.8,52.8,91.1,42.8,22.8
India,Tripura,Khowai,"Calendar Year (Jan - Dec), 2019",7328,82.55,47,95.7,90.7,41.5,63.7,83.2,99,63.7,97.7,28.3,18.9
India,Tripura,North Tripura,"Calendar Year (Jan - Dec), 2019",4418,79.825,26.2,85.4,65.2,67.1,69.6,75.6,96.2,55.3,93.8,34.2,23.7
India,Tripura,Sepahijala,"Calendar Year (Jan - Dec), 2019",8389,87.5,34.5,87.7,81.7,52.8,69.8,97.4,99,55.8,93,51.9,21.7
India,Tripura,South Tripura,"Calendar Year (Jan - Dec), 2019",7199,77.775,25.5,89.7,80.9,58.4,66.8,90.5,95.9,57.1,84.6,46.2,21.6
India,Tripura,Unakoti,"Calendar Year (Jan - Dec), 2019",7693,77.425,31.8,71.5,55.4,24.6,67.4,78.6,96.4,76.7,89.4,38,18.7
India,Tripura,West Tripura,"Calendar Year (Jan - Dec), 2019",5556,94.15,30.3,95.3,79.8,61.2,67.6,98.5,99.8,56.2,98.1,37.1,30.9
India,Uttar Pradesh,Agra,"Calendar Year (Jan - Dec), 2019",1879,90.875,35.9,89.1,43,42.7,59.4,99.8,99.1,61.8,85.9,17.9,36.1
India,Uttar Pradesh,Aligarh,"Calendar Year (Jan - Dec), 2019",2638,81.525,35,82.6,49.2,44.7,56.4,100,95.3,59,98.1,15.8,37.5
India,Uttar Pradesh,Ambedkar Nagar,"Calendar Year (Jan - Dec), 2019",2611,83.775,31.1,92.2,49.8,44.5,52.9,100,94.2,47.9,97.8,5.5,53
India,Uttar Pradesh,Amethi,"Calendar Year (Jan - Dec), 2019",2713,85.8,35.8,90.8,71.3,31.7,46.6,98.7,92.3,36.6,96.8,14.9,34.6
India,Uttar Pradesh,Amroha,"Calendar Year (Jan - Dec), 2019",1736,85.95,42.2,81.1,31.3,43.9,47.9,99.7,96.4,40.4,95.1,11.6,35.4
India,Uttar Pradesh,Auraiya,"Calendar Year (Jan - Dec), 2019",1182,89.775,39.7,90.1,72.8,50.4,39,99.5,94,42.1,98.6,18.1,46.2
India,Uttar Pradesh,Ayodhya,"Calendar Year (Jan - Dec), 2019",2525,82.175,30.6,89.1,63.3,33.8,52.7,100,90.3,39.3,94.1,7.6,49
India,Uttar Pradesh,Azamgarh,"Calendar Year (Jan - Dec), 2019",4265,81.025,33.4,93.2,44.7,38.5,54.2,100,96.5,58,96.6,12,52.6
India,Uttar Pradesh,Baghpat,"Calendar Year (Jan - Dec), 2019",2001,89.6,25.5,80.9,44,42.4,52.6,99.9,98.5,70.7,96.1,8.1,44
India,Uttar Pradesh,Bahraich,"Calendar Year (Jan - Dec), 2019",1745,72.275,52.1,67.7,58.6,34.3,48.8,100,77.8,48.6,85.9,37.5,14.4
India,Uttar Pradesh,Ballia,"Calendar Year (Jan - Dec), 2019",2441,78.55,43.8,90,73.9,30.5,53,99.8,89.1,16.3,95.8,9.9,50.1
India,Uttar Pradesh,Balrampur,"Calendar Year (Jan - Dec), 2019",1810,73.275,41.2,69.7,58,41,54.8,99.8,78.4,38.1,95.7,35,16.8
India,Uttar Pradesh,Banda,"Calendar Year (Jan - Dec), 2019",1132,78.55,51,89.8,85.9,39,52.3,98.2,89.2,50.3,95.1,19,27.1
India,Uttar Pradesh,Barabanki,"Calendar Year (Jan - Dec), 2019",3205,81.525,41.9,76,63.1,22.6,55,98.8,74.8,60.7,91.6,20.4,29.5
India,Uttar Pradesh,Bareilly,"Calendar Year (Jan - Dec), 2019",1919,85.725,45.9,75.1,40.3,43.1,61.3,100,92.5,50.9,94.8,11.4,22.1
India,Uttar Pradesh,Basti,"Calendar Year (Jan - Dec), 2019",2062,85,35.9,93.2,79.2,31.5,40.3,100,94.6,28.8,99,15.9,40.9
India,Uttar Pradesh,Bhadohi,"Calendar Year (Jan - Dec), 2019",3299,79.025,42.7,90.3,47.8,25.8,43.2,96.7,96.5,53.8,92.1,19.6,46.5
India,Uttar Pradesh,Bijnor,"Calendar Year (Jan - Dec), 2019",2240,93.125,36.2,83.7,30.6,48.8,45.9,99.7,96.1,47,96,5.2,39.7
India,Uttar Pradesh,Budaun,"Calendar Year (Jan - Dec), 2019",3622,84.025,51.8,72.3,57.4,40.6,56.2,99.8,80.7,39.3,94.4,22.9,21.6
India,Uttar Pradesh,Bulandshahr,"Calendar Year (Jan - Dec), 2019",1709,80.425,37.6,83.5,49.1,47.6,51.5,100,96.3,61.2,97.1,12.8,37.8
India,Uttar Pradesh,Chandauli,"Calendar Year (Jan - Dec), 2019",2530,82.025,39.5,86.2,53.4,32.9,48.5,97.5,91.9,55.4,96.5,17.2,47.2
India,Uttar Pradesh,Chitrakoot,"Calendar Year (Jan - Dec), 2019",2331,77.575,47.5,81.1,75,30.3,46.7,97,92,43.9,93.9,21.8,30.2
India,Uttar Pradesh,Deoria,"Calendar Year (Jan - Dec), 2019",1961,80.725,36.8,93.4,76.4,42.5,34.2,99.8,95.3,21.1,96.2,13.7,50.4
India,Uttar Pradesh,Etah,"Calendar Year (Jan - Dec), 2019",1929,80.625,48.8,76.7,50.5,33.6,56,99.8,88,44.6,96.2,20.1,38.8
India,Uttar Pradesh,Etawah,"Calendar Year (Jan - Dec), 2019",1692,90.725,38.8,85.2,70.1,43.7,57.6,99.5,95.7,51.9,94.6,16.3,45.7
India,Uttar Pradesh,Farrukhabad,"Calendar Year (Jan - Dec), 2019",1611,83.95,47.8,69.3,48.8,41.5,57.5,99.7,91.8,47.7,91.7,18.8,33.3
India,Uttar Pradesh,Fatehpur,"Calendar Year (Jan - Dec), 2019",2145,74.825,51.1,81.4,64.6,38.1,63.7,98.8,76.8,49,96.8,10.4,37.3
India,Uttar Pradesh,Firozabad,"Calendar Year (Jan - Dec), 2019",1791,81.525,46.9,80.1,56.4,39.3,57.7,99.4,96.3,45.8,92.7,24.8,42.4
India,Uttar Pradesh,Gautam Buddha Nagar,"Calendar Year (Jan - Dec), 2019",3626,84.575,25.5,86.6,32.4,52.7,59.3,99.9,99.4,61.9,97.6,13.5,51.9
India,Uttar Pradesh,Ghaziabad,"Calendar Year (Jan - Dec), 2019",2251,81.125,28.2,86.4,40.7,62,55.9,99.1,99.9,39.6,95.5,8,55.2
India,Uttar Pradesh,Ghazipur,"Calendar Year (Jan - Dec), 2019",2575,77.725,39.3,88.3,71.1,29.2,46.2,99.3,91.8,29.8,97.7,13.5,51.4
India,Uttar Pradesh,Gonda,"Calendar Year (Jan - Dec), 2019",2602,75.725,45.9,81.8,66.9,41.7,49.3,100,88.9,48.8,97.1,25.4,31.5
India,Uttar Pradesh,Gorakhpur,"Calendar Year (Jan - Dec), 2019",2533,83.975,29.6,91.6,72.5,56.3,53.4,99.8,94.9,41.4,98.6,14.6,42.8
India,Uttar Pradesh,Hamirpur,"Calendar Year (Jan - Dec), 2019",965,90.275,48,96.3,88,43.2,46.4,99.4,94.6,34.5,99.7,10.5,37.6
India,Uttar Pradesh,Hapur,"Calendar Year (Jan - Dec), 2019",1297,93.05,30.2,83.3,34.7,53.3,51.7,99.9,98.8,30.8,98.9,7.1,43.5
India,Uttar Pradesh,Hardoi,"Calendar Year (Jan - Dec), 2019",1679,78.1,44.5,73.9,61.3,39.7,59.5,99.9,71,63.3,96.2,19.3,26.5
India,Uttar Pradesh,Hathras,"Calendar Year (Jan - Dec), 2019",2896,86.2,39.1,80.3,54,27.8,58.1,99,94.9,61,90,28.1,39.1
India,Uttar Pradesh,Jalaun,"Calendar Year (Jan - Dec), 2019",2194,78.175,45.1,85.1,70,62.8,44,99,96.9,52.7,98.8,16.9,38.9
India,Uttar Pradesh,Jaunpur,"Calendar Year (Jan - Dec), 2019",2030,82.775,40.5,88.8,72.4,47.6,34.1,99.1,98.2,30.5,98.9,11.8,52.7
India,Uttar Pradesh,Jhansi,"Calendar Year (Jan - Dec), 2019",1090,72.95,40.9,92.9,75.6,36.6,41.5,96.8,95.2,35.7,95.9,25.1,43.3
India,Uttar Pradesh,Kannauj,"Calendar Year (Jan - Dec), 2019",1914,77.75,43,76.4,56.5,46.4,65.2,99.9,87.3,66.4,96.2,10.4,37.3
India,Uttar Pradesh,Kanpur Dehat,"Calendar Year (Jan - Dec), 2019",1993,72.975,44.1,84.3,69.2,54.4,54.6,99.4,79.8,60.2,94.2,12.7,45.4
India,Uttar Pradesh,Kanpur Nagar,"Calendar Year (Jan - Dec), 2019",2645,81.1,34.6,86.6,60.3,69.9,57.4,98.8,89.3,46.3,95.6,10.9,58.5
India,Uttar Pradesh,Kasganj,"Calendar Year (Jan - Dec), 2019",1834,84.15,45.1,74.8,46.6,38.1,66.1,99.4,87.2,44.8,93.2,23.2,29.7
India,Uttar Pradesh,Kaushambi,"Calendar Year (Jan - Dec), 2019",1628,78.9,40.2,88.6,72.3,34,54.6,98.3,78.7,49.6,96,17.6,31.9
India,Uttar Pradesh,Kheri,"Calendar Year (Jan - Dec), 2019",2126,78.425,47.6,82.8,68,48,52.8,99.9,84.2,56.1,93.6,19.7,28.7
India,Uttar Pradesh,Kushi Nagar,"Calendar Year (Jan - Dec), 2019",2571,84.325,32.2,89.4,71.1,35.8,42.7,100,91.5,31.9,96.5,17.7,34.1
India,Uttar Pradesh,Lalitpur,"Calendar Year (Jan - Dec), 2019",1381,83.825,46.6,90.8,86.6,45.7,37.5,96.6,94.1,51,98.2,42.5,23.8
India,Uttar Pradesh,Lucknow,"Calendar Year (Jan - Dec), 2019",3489,79.375,32.1,91.3,47.2,53.1,55.9,99.8,96.8,,96.2,9.9,51.9
India,Uttar Pradesh,Mahoba,"Calendar Year (Jan - Dec), 2019",1213,81.55,42.3,96.3,87.6,46.2,49.5,94.3,95.9,45.2,98.4,20.8,30.7
India,Uttar Pradesh,Mahrajganj,"Calendar Year (Jan - Dec), 2019",2398,90.95,40.5,93.3,77.5,52.5,47.3,100,94.8,38.9,97.4,24.1,33.8
India,Uttar Pradesh,Mainpuri,"Calendar Year (Jan - Dec), 2019",2390,87.575,44.3,82.7,59.7,38.1,58.2,99.6,95.2,48.4,95.6,16,45.8
India,Uttar Pradesh,Mathura,"Calendar Year (Jan - Dec), 2019",2650,88.825,31.6,79.5,36.9,39.3,63.5,98.4,98.2,55.2,89.8,21.3,34.7
India,Uttar Pradesh,Mau,"Calendar Year (Jan - Dec), 2019",2476,80.825,25.4,94.7,58.9,43.2,44.5,99.8,94.2,37.2,98.1,11,53.1
India,Uttar Pradesh,Meerut,"Calendar Year (Jan - Dec), 2019",1726,91.275,32.1,80.6,25.7,49.9,45.5,99.7,98.6,44.9,95.7,7.6,47.3
India,Uttar Pradesh,Mirzapur,"Calendar Year (Jan - Dec), 2019",2576,81.375,43.4,91.1,62.1,36.5,42.3,96.9,92.7,36.4,98.1,16.6,43.8
India,Uttar Pradesh,Moradabad,"Calendar Year (Jan - Dec), 2019",5877,90.25,34.7,80.3,40,33.2,45.5,99.8,96,33.6,97.6,9.6,42.6
India,Uttar Pradesh,Muzaffarnagar,"Calendar Year (Jan - Dec), 2019",1747,79.575,29.8,87,45,44,46.2,99.9,97.8,40.2,96.4,7.3,41.8
India,Uttar Pradesh,Pilibhit,"Calendar Year (Jan - Dec), 2019",1458,94.725,38.9,76.2,50.2,43.6,52.6,100,86.8,40.1,98.8,16.2,28.5
India,Uttar Pradesh,Pratapgarh,"Calendar Year (Jan - Dec), 2019",3814,84.425,35.5,90.8,62.6,30.6,49.9,97.8,92.5,27.1,94.1,11,49.7
India,Uttar Pradesh,Prayagraj,"Calendar Year (Jan - Dec), 2019",2243,70.475,37.9,83.2,52.6,45.9,46.5,95.8,95,43,95.8,13.8,47.6
India,Uttar Pradesh,Rae Bareli,"Calendar Year (Jan - Dec), 2019",1963,83.775,47,89.5,78.5,43.6,48.3,98.1,88.9,44.4,97.3,14.3,36.1
India,Uttar Pradesh,Rampur,"Calendar Year (Jan - Dec), 2019",2245,89.3,40.4,81,44.7,50.4,55.7,100,96.2,51.2,97.8,10.5,26.9
India,Uttar Pradesh,Saharanpur,"Calendar Year (Jan - Dec), 2019",4537,93.725,28.8,81.7,53.5,52.4,41.8,99.7,98.3,30.1,96.8,7,38.2
India,Uttar Pradesh,Sambhal,"Calendar Year (Jan - Dec), 2019",1214,90.325,51.6,74.2,45.1,32.9,51.1,100,91.9,53,93.5,21.1,24.1
India,Uttar Pradesh,Sant Kabir Nagar,"Calendar Year (Jan - Dec), 2019",2134,90.975,42.3,90.6,79.5,43.2,43.8,99.9,94,36.2,98.3,16.8,34.8
India,Uttar Pradesh,Shahjahanpur,"Calendar Year (Jan - Dec), 2019",1394,88.825,44.5,63.3,47.8,35.3,60.6,100,84.1,56,98.2,20.9,27.7
India,Uttar Pradesh,Shamli,"Calendar Year (Jan - Dec), 2019",1725,94.175,28.6,78.3,54.3,41,42.4,99.9,98.7,28.8,98.3,10.8,32.6
India,Uttar Pradesh,Shrawasti,"Calendar Year (Jan - Dec), 2019",1969,77.975,50.9,80.4,75.3,42.4,44.6,99.3,73.7,41,95.9,51.9,15.9
India,Uttar Pradesh,Siddharth Nagar,"Calendar Year (Jan - Dec), 2019",1943,83.05,37.2,69.7,62.9,60.9,51.4,99.9,90.7,46.2,98.3,33.9,17
India,Uttar Pradesh,Sitapur,"Calendar Year (Jan - Dec), 2019",1577,81.275,47.8,84.8,70.4,35.4,55.2,99.7,68.4,57.8,94.8,20.8,23.9
India,Uttar Pradesh,Sonbhadra,"Calendar Year (Jan - Dec), 2019",1924,84.725,38.3,76.8,56.8,36.4,44.2,89.6,82.9,52.9,95.8,17.7,35.7
India,Uttar Pradesh,Sultanpur,"Calendar Year (Jan - Dec), 2019",2642,88.225,33.4,87,68,47,49.5,99.5,94.3,65.2,97.7,7.9,46.6
India,Uttar Pradesh,Unnao,"Calendar Year (Jan - Dec), 2019",2405,75.05,39.2,80.8,62.6,19.8,49.6,98.5,75.4,33.8,93,18.9,37
India,Uttar Pradesh,Varanasi,"Calendar Year (Jan - Dec), 2019",3698,89.25,37.4,95.2,58.7,51.4,38.2,98.4,97.2,17.3,99,10.4,55
India,Uttarakhand,Almora,"Calendar Year (Jan - Dec), 2019",3162,90.7,26,80.1,69.4,44.3,34,93.3,99.9,14.5,99.4,1.5,48
India,Uttarakhand,Bageshwar,"Calendar Year (Jan - Dec), 2019",2542,92.775,23.6,82,75.1,67.9,27.8,92,99.8,27.6,99.4,12.9,52.2
India,Uttarakhand,Chamoli,"Calendar Year (Jan - Dec), 2019",7882,92.975,34.1,73.9,67.3,52.2,41.8,94.4,99.5,40.9,100,3.4,59
India,Uttarakhand,Champawat,"Calendar Year (Jan - Dec), 2019",2578,96.95,24.9,79.8,51.8,62,32.6,95.4,99.6,30.1,100,11.7,51
India,Uttarakhand,Dehradun,"Calendar Year (Jan - Dec), 2019",4277,86.35,20.9,91.7,49.4,75.3,47.9,99,99.7,,98,6.6,62.6
India,Uttarakhand,Haridwar,"Calendar Year (Jan - Dec), 2019",3786,88.075,31.1,79.8,37.9,48.5,42.8,99.6,99.7,63.6,93.2,9.9,40.3
India,Uttarakhand,Nainital,"Calendar Year (Jan - Dec), 2019",3599,88.575,23.2,81.2,56.4,59.7,34.6,93,99.1,31.2,97.8,11.3,55.2
India,Uttarakhand,Pauri Garhwal,"Calendar Year (Jan - Dec), 2019",2382,86.075,30,76,59.4,39.6,40.8,83.5,99.4,,96.8,8.6,56.2
India,Uttarakhand,Pithoragarh,"Calendar Year (Jan - Dec), 2019",3726,99,25.6,84.9,80,58.7,25.2,90.9,99.6,34.5,97.4,16.2,55.5
India,Uttarakhand,Rudra Prayag,"Calendar Year (Jan - Dec), 2019",4156,94.925,25.2,86.6,81,76.5,40.7,93.9,99.5,35.4,99.7,8.6,56.4
India,Uttarakhand,Tehri Garhwal,"Calendar Year (Jan - Dec), 2019",1827,95.4,29.3,82.2,59.3,48.9,41.9,84.1,99.9,54,93.8,6.3,50.8
India,Uttarakhand,Udam Singh Nagar,"Calendar Year (Jan - Dec), 2019",1906,89.55,26.8,85.1,51,75.9,51.1,99.9,99.6,48.8,98.5,14.6,41.1
India,Uttarakhand,Uttar Kashi,"Calendar Year (Jan - Dec), 2019",3168,91.55,34.1,85.9,77,66.8,60.8,96.1,99.6,64,99.6,5.7,53.6
India,West Bengal,Bankura,"Calendar Year (Jan - Dec), 2019",3274,94.775,30.3,93.3,83.3,75.7,77.3,96.3,92.3,71.3,99.5,45.7,27.9
India,West Bengal,Birbhum,"Calendar Year (Jan - Dec), 2019",1391,94.2,37,90.3,72.7,78.4,78.2,99.4,97.8,66,98.7,49.9,25.8
India,West Bengal,Coochbehar,"Calendar Year (Jan - Dec), 2019",2499,96.675,28.7,93,81.3,77.3,74.9,99.3,98.2,72,99.6,46.7,26.7
India,West Bengal,Dakshin Dinajpur,"Calendar Year (Jan - Dec), 2019",2593,96.5,31.9,91.4,81.2,76.4,82.8,99.7,96.5,61.4,99.6,45.6,30.5
India,West Bengal,Darjeeling,"Calendar Year (Jan - Dec), 2019",2183,98.55,34.3,98.4,79.5,79.2,59.1,90.8,98.2,0,96.8,21.2,41.3
India,West Bengal,Hooghly,"Calendar Year (Jan - Dec), 2019",4558,98.325,28.9,97,67.9,72.2,75.1,98.1,98.4,0,98.6,40.8,37
India,West Bengal,Howrah,"Calendar Year (Jan - Dec), 2019",2166,92.5,27.5,95.5,60.8,82.7,65.6,99.5,99,0,96.5,30.4,40.1
India,West Bengal,Jalpaiguri,"Calendar Year (Jan - Dec), 2019",2243,94.8,28.9,95.8,83.2,88.4,72.2,95.2,97.4,44.8,100,18.7,33.9
India,West Bengal,Kolkata,"Calendar Year (Jan - Dec), 2019",1969,91.1,29.6,97.5,69.9,71.7,58.4,99.3,99.6,0,94.4,16.7,55.4
India,West Bengal,Malda,"Calendar Year (Jan - Dec), 2019",1961,94.525,40.5,87.7,76.6,82.8,73.8,99,98.1,67.6,99.7,49.1,30
India,West Bengal,Murshidabad,"Calendar Year (Jan - Dec), 2019",2662,95.975,39.8,87,71.5,66.9,78,99.1,96.7,66.7,97.3,55.4,24.2
India,West Bengal,Nadia,"Calendar Year (Jan - Dec), 2019",3776,96.225,26.1,97.7,54.2,71.2,73.8,98.2,98.2,58.7,98.4,39.9,28.3
India,West Bengal,North 24 Parganas,"Calendar Year (Jan - Dec), 2019",2809,95.8,32.4,97.5,74.4,89.9,65.4,99.5,99.5,62.3,98.7,33.6,40.7
India,West Bengal,Paschim Bardhaman,"Calendar Year (Jan - Dec), 2019",3020,84.625,39.7,89.8,62.7,70.4,66.5,95.2,97,49.4,95.5,31.8,37.1
India,West Bengal,Paschim Medinipur,"Calendar Year (Jan - Dec), 2019",3388,90.775,31.1,87.6,72,63.1,82,95.5,95.4,62.9,99.1,55.7,26.2
India,West Bengal,Purba Bardhaman,"Calendar Year (Jan - Dec), 2019",1892,99.3,32.7,96,70.3,80.5,78.4,99.1,96.8,63.7,100,50.4,27.3
India,West Bengal,Purba Medinipur,"Calendar Year (Jan - Dec), 2019",4390,93.5,25.8,91.5,71.5,56.8,70.5,87.8,99,66.4,98.8,57.6,30.9
India,West Bengal,Purulia,"Calendar Year (Jan - Dec), 2019",2478,92.4,36.9,89.8,82.7,57.8,76.9,87.6,88.6,72.2,98,37,26.9
India,West Bengal,South 24 Parganas,"Calendar Year (Jan - Dec), 2019",2142,96.2,36.7,91,77.7,87.5,62.1,100,99.2,47.4,98.6,41.9,34.9
India,West Bengal,Uttar Dinajpur,"Calendar Year (Jan - Dec), 2019",2706,91.7,44.8,76.9,58.9,70.1,71.9,99.8,96.9,84.4,97.8,30.3,29.3
