Country,State,District,Year,"Functional Sub Centres (UOM:Number), Scaling Factor:1","Functional Primary Health Centres (Phcs) (UOM:Number), Scaling Factor:1","Functional Community Health Centres (Chcs) (UOM:Number), Scaling Factor:1","Functional Health And Wellness Centres-Sub Centres  (Hwc-Scs) (UOM:Number), Scaling Factor:1","Functional Health And Wellness Centres (Hwc)-Primary Health Centres (Phcs) (UOM:Number), Scaling Factor:1","Functional Sub Divisional Hospitals (Sdhs) (UOM:Number), Scaling Factor:1","Functional District Hospitals (Dhs) (UOM:Number), Scaling Factor:1"
India,Andaman and Nicobar Islands,Nicobars,"Financial Year (Apr - Mar), 2019",40,4,1,,,0,1
India,Andaman and Nicobar Islands,North and Middle Andaman,"Financial Year (Apr - Mar), 2019",45,8,2,,,0,1
India,Andaman and Nicobar Islands,South Andamans,"Financial Year (Apr - Mar), 2019",39,15,1,,,0,1
India,Andaman and Nicobar Islands,Unknown Districts Of India,"Financial Year (Apr - Mar), 2019",5059,838,189,,,2,38
India,Andhra Pradesh,Ananthapuramu,"Financial Year (Apr - Mar), 2019",586,107,15,,,2,1
India,Andhra Pradesh,Chittoor,"Financial Year (Apr - Mar), 2019",644,120,15,,,4,1
India,Andhra Pradesh,East Godavari,"Financial Year (Apr - Mar), 2019",840,142,26,,,3,1
India,Andhra Pradesh,Guntur,"Financial Year (Apr - Mar), 2019",680,117,18,,,2,1
India,Andhra Pradesh,Krishna,"Financial Year (Apr - Mar), 2019",593,124,12,,,2,1
India,Andhra Pradesh,Kurnool,"Financial Year (Apr - Mar), 2019",542,110,19,,,1,1
India,Andhra Pradesh,Prakasam,"Financial Year (Apr - Mar), 2019",534,99,15,,,2,1
India,Andhra Pradesh,Sri Potti Sriramulu Nellore,"Financial Year (Apr - Mar), 2019",477,88,14,,,2,1
India,Andhra Pradesh,Srikakulam,"Financial Year (Apr - Mar), 2019",465,88,15,,,2,1
India,Andhra Pradesh,Visakhapatnam,"Financial Year (Apr - Mar), 2019",583,113,12,,,3,1
India,Andhra Pradesh,Vizianagaram,"Financial Year (Apr - Mar), 2019",431,76,11,,,1,1
India,Andhra Pradesh,West Godavari,"Financial Year (Apr - Mar), 2019",635,112,14,,,3,1
India,Andhra Pradesh,Y.S.R.,"Financial Year (Apr - Mar), 2019",448,89,12,,,1,1
India,Arunachal Pradesh,Anjaw,"Financial Year (Apr - Mar), 2019",8,6,4,,,0,1
India,Arunachal Pradesh,Changlang,"Financial Year (Apr - Mar), 2019",18,5,5,,,0,1
India,Arunachal Pradesh,Dibang Valley,"Financial Year (Apr - Mar), 2019",5,1,0,,,0,1
India,Arunachal Pradesh,East Kameng,"Financial Year (Apr - Mar), 2019",25,11,3,,,0,1
India,Arunachal Pradesh,East Siang,"Financial Year (Apr - Mar), 2019",21,11,3,,,0,1
India,Arunachal Pradesh,Kra Daadi,"Financial Year (Apr - Mar), 2019",8,4,1,,,0,0
India,Arunachal Pradesh,Kurung Kumey,"Financial Year (Apr - Mar), 2019",20,4,2,,,0,1
India,Arunachal Pradesh,Lohit,"Financial Year (Apr - Mar), 2019",20,4,2,,,0,1
India,Arunachal Pradesh,Longding,"Financial Year (Apr - Mar), 2019",6,1,3,,,0,0
India,Arunachal Pradesh,Lower Dibang Valley,"Financial Year (Apr - Mar), 2019",14,3,4,,,0,1
India,Arunachal Pradesh,Lower Subansiri,"Financial Year (Apr - Mar), 2019",35,7,3,,,0,1
India,Arunachal Pradesh,Namsai,"Financial Year (Apr - Mar), 2019",17,4,2,,,0,1
India,Arunachal Pradesh,Papum Pare,"Financial Year (Apr - Mar), 2019",34,16,4,,,0,0
India,Arunachal Pradesh,Siang,"Financial Year (Apr - Mar), 2019",27,7,3,,,0,0
India,Arunachal Pradesh,Tawang,"Financial Year (Apr - Mar), 2019",10,6,2,,,0,1
India,Arunachal Pradesh,Tirap,"Financial Year (Apr - Mar), 2019",9,7,1,,,0,1
India,Arunachal Pradesh,Upper Siang,"Financial Year (Apr - Mar), 2019",13,2,4,,,0,1
India,Arunachal Pradesh,Upper Subansiri,"Financial Year (Apr - Mar), 2019",31,8,5,,,0,1
India,Arunachal Pradesh,West Kameng,"Financial Year (Apr - Mar), 2019",23,5,5,,,0,1
India,Arunachal Pradesh,West Siang,"Financial Year (Apr - Mar), 2019",19,12,4,,,0,2
India,Assam,Baksa,"Financial Year (Apr - Mar), 2019",157,35,8,,,0,1
India,Assam,Barpeta,"Financial Year (Apr - Mar), 2019",264,48,11,,,1,1
India,Assam,Bongaigaon,"Financial Year (Apr - Mar), 2019",108,29,4,,,0,1
India,Assam,Cachar,"Financial Year (Apr - Mar), 2019",270,31,7,,,0,1
India,Assam,Chirang,"Financial Year (Apr - Mar), 2019",87,24,4,,,0,1
India,Assam,Darrang,"Financial Year (Apr - Mar), 2019",159,33,7,,,0,1
India,Assam,Dhemaji,"Financial Year (Apr - Mar), 2019",98,24,4,,,0,1
India,Assam,Dhubri,"Financial Year (Apr - Mar), 2019",231,43,8,,,2,1
India,Assam,Dibrugarh,"Financial Year (Apr - Mar), 2019",234,31,10,,,0,0
India,Assam,Dima Hasao,"Financial Year (Apr - Mar), 2019",76,12,3,,,0,1
India,Assam,Goalpara,"Financial Year (Apr - Mar), 2019",155,37,6,,,0,1
India,Assam,Golaghat,"Financial Year (Apr - Mar), 2019",143,40,5,,,1,1
India,Assam,Hailakandi,"Financial Year (Apr - Mar), 2019",107,13,1,,,0,1
India,Assam,Kamrup,"Financial Year (Apr - Mar), 2019",279,65,13,,,1,1
India,Assam,Kamrup Metro,"Financial Year (Apr - Mar), 2019",51,45,5,,,0,1
India,Assam,Karbi Anglong,"Financial Year (Apr - Mar), 2019",154,42,8,,,1,0
India,Assam,Karimganj,"Financial Year (Apr - Mar), 2019",230,30,7,,,0,1
India,Assam,Kokrajhar,"Financial Year (Apr - Mar), 2019",162,46,2,,,1,1
India,Assam,Lakhimpur,"Financial Year (Apr - Mar), 2019",157,29,8,,,1,1
India,Assam,Marigaon,"Financial Year (Apr - Mar), 2019",122,34,6,,,0,1
India,Assam,Nagaon,"Financial Year (Apr - Mar), 2019",352,78,18,,,0,1
India,Assam,Nalbari,"Financial Year (Apr - Mar), 2019",122,44,11,,,0,1
India,Assam,Sivasagar,"Financial Year (Apr - Mar), 2019",220,46,4,,,2,1
India,Assam,Sonitpur,"Financial Year (Apr - Mar), 2019",281,55,9,,,2,1
India,Assam,Tinsukia,"Financial Year (Apr - Mar), 2019",166,22,8,,,0,1
India,Assam,Udalguri,"Financial Year (Apr - Mar), 2019",150,24,7,,,0,1
India,Bihar,Araria,"Financial Year (Apr - Mar), 2019",221,44,2,,,1,1
India,Bihar,Arwal,"Financial Year (Apr - Mar), 2019",63,33,0,,,0,1
India,Bihar,Aurangabad,"Financial Year (Apr - Mar), 2019",248,72,3,,,1,1
India,Bihar,Banka,"Financial Year (Apr - Mar), 2019",251,42,3,,,0,1
India,Bihar,Begusarai,"Financial Year (Apr - Mar), 2019",292,44,2,,,1,1
India,Bihar,Bhagalpur,"Financial Year (Apr - Mar), 2019",330,74,3,,,2,1
India,Bihar,Bhojpur,"Financial Year (Apr - Mar), 2019",300,45,3,,,1,1
India,Bihar,Buxar,"Financial Year (Apr - Mar), 2019",149,39,0,,,1,1
India,Bihar,Darbhanga,"Financial Year (Apr - Mar), 2019",259,71,2,,,2,0
India,Bihar,Gaya,"Financial Year (Apr - Mar), 2019",474,91,1,,,2,1
India,Bihar,Gopalganj,"Financial Year (Apr - Mar), 2019",189,37,3,,,1,1
India,Bihar,Jamui,"Financial Year (Apr - Mar), 2019",234,39,3,,,0,1
India,Bihar,Jehanabad,"Financial Year (Apr - Mar), 2019",110,38,1,,,0,1
India,Bihar,Kaimur (Bhabua),"Financial Year (Apr - Mar), 2019",178,30,2,,,1,1
India,Bihar,Katihar,"Financial Year (Apr - Mar), 2019",341,63,1,,,2,1
India,Bihar,Khagaria,"Financial Year (Apr - Mar), 2019",187,32,1,,,0,1
India,Bihar,Kishanganj,"Financial Year (Apr - Mar), 2019",155,19,1,,,0,1
India,Bihar,Lakhisarai,"Financial Year (Apr - Mar), 2019",102,21,1,,,0,1
India,Bihar,Madhepura,"Financial Year (Apr - Mar), 2019",272,37,0,,,1,1
India,Bihar,Madhubani,"Financial Year (Apr - Mar), 2019",439,96,1,,,1,1
India,Bihar,Munger,"Financial Year (Apr - Mar), 2019",154,34,0,,,1,1
India,Bihar,Muzaffarpur,"Financial Year (Apr - Mar), 2019",500,103,1,,,0,1
India,Bihar,Nalanda,"Financial Year (Apr - Mar), 2019",367,70,4,,,2,1
India,Bihar,Nawada,"Financial Year (Apr - Mar), 2019",173,52,1,,,1,1
India,Bihar,Patna,"Financial Year (Apr - Mar), 2019",382,106,4,,,4,0
India,Bihar,Purnia,"Financial Year (Apr - Mar), 2019",473,56,2,,,1,1
India,Bihar,Rohtas,"Financial Year (Apr - Mar), 2019",249,56,2,,,2,1
India,Bihar,Saharsa,"Financial Year (Apr - Mar), 2019",168,44,0,,,0,1
India,Bihar,Samastipur,"Financial Year (Apr - Mar), 2019",358,70,1,,,3,1
India,Bihar,Saran,"Financial Year (Apr - Mar), 2019",396,63,3,,,1,1
India,Bihar,Sheikhpura,"Financial Year (Apr - Mar), 2019",104,23,1,,,0,1
India,Bihar,Sheohar,"Financial Year (Apr - Mar), 2019",96,14,0,,,0,1
India,Bihar,Sitamarhi,"Financial Year (Apr - Mar), 2019",208,57,1,,,0,1
India,Bihar,Siwan,"Financial Year (Apr - Mar), 2019",379,68,3,,,1,1
India,Bihar,Unknown Districts Of India,"Financial Year (Apr - Mar), 2019",8252,1652,294,,,32,26
India,Haryana,Ambala,"Financial Year (Apr - Mar), 2019",106,22,4,,,2,1
India,Haryana,Bhiwani,"Financial Year (Apr - Mar), 2019",139,26,6,,,3,1
India,Haryana,Charki Dadri,"Financial Year (Apr - Mar), 2019",75,12,3,,,0,1
India,Haryana,Faridabad,"Financial Year (Apr - Mar), 2019",61,25,8,,,2,1
India,Haryana,Fatehabad,"Financial Year (Apr - Mar), 2019",131,22,5,,,1,1
India,Haryana,Gurugram,"Financial Year (Apr - Mar), 2019",80,29,3,,,2,1
India,Haryana,Hisar,"Financial Year (Apr - Mar), 2019",198,31,10,,,2,1
India,Haryana,Jhajjar,"Financial Year (Apr - Mar), 2019",134,29,6,,,2,1
India,Haryana,Jind,"Financial Year (Apr - Mar), 2019",164,23,8,,,1,1
India,Haryana,Kaithal,"Financial Year (Apr - Mar), 2019",144,21,6,,,0,1
India,Haryana,Karnal,"Financial Year (Apr - Mar), 2019",147,25,6,,,1,1
India,Haryana,Kurukshetra,"Financial Year (Apr - Mar), 2019",117,18,6,,,0,1
India,Haryana,Mahendragarh,"Financial Year (Apr - Mar), 2019",135,18,7,,,1,1
India,Haryana,Nuh,"Financial Year (Apr - Mar), 2019",94,17,3,,,0,1
India,Haryana,Palwal,"Financial Year (Apr - Mar), 2019",95,18,7,,,0,1
India,Haryana,Panchkula,"Financial Year (Apr - Mar), 2019",46,9,3,,,0,1
India,Haryana,Panipat,"Financial Year (Apr - Mar), 2019",89,22,6,,,0,1
India,Haryana,Rewari,"Financial Year (Apr - Mar), 2019",113,16,5,,,1,1
India,Haryana,Rohtak,"Financial Year (Apr - Mar), 2019",116,21,7,,,0,1
India,Haryana,Sirsa,"Financial Year (Apr - Mar), 2019",156,28,8,,,1,1
India,Haryana,Sonipat,"Financial Year (Apr - Mar), 2019",164,34,8,,,1,1
India,Haryana,Yamunanagar,"Financial Year (Apr - Mar), 2019",113,19,6,,,1,1
India,Himachal Pradesh,Bilaspur,"Financial Year (Apr - Mar), 2019",120,38,6,,,4,1
India,Himachal Pradesh,Chamba,"Financial Year (Apr - Mar), 2019",177,45,4,,,7,0
India,Himachal Pradesh,Hamirpur,"Financial Year (Apr - Mar), 2019",150,32,2,,,5,0
India,Himachal Pradesh,Kangra,"Financial Year (Apr - Mar), 2019",441,87,19,,,18,1
India,Himachal Pradesh,Kinnaur,"Financial Year (Apr - Mar), 2019",34,24,4,,,1,1
India,Himachal Pradesh,Kullu,"Financial Year (Apr - Mar), 2019",103,27,4,,,5,1
India,Himachal Pradesh,Lahul and Spiti,"Financial Year (Apr - Mar), 2019",36,17,3,,,0,1
India,Himachal Pradesh,Shimla,"Financial Year (Apr - Mar), 2019",252,122,17,,,12,1
India,Himachal Pradesh,Sirmaur,"Financial Year (Apr - Mar), 2019",149,44,6,,,5,0
India,Himachal Pradesh,Solan,"Financial Year (Apr - Mar), 2019",175,41,6,,,6,1
India,Himachal Pradesh,Una,"Financial Year (Apr - Mar), 2019",136,24,9,,,5,1
India,Jharkhand,Bokaro,"Financial Year (Apr - Mar), 2019",115,20,8,,,3,1
India,Jharkhand,Chatra,"Financial Year (Apr - Mar), 2019",93,9,5,,,0,1
India,Jharkhand,Deoghar,"Financial Year (Apr - Mar), 2019",180,8,7,,,1,1
India,Jharkhand,Dhanbad,"Financial Year (Apr - Mar), 2019",140,33,9,,,0,0
India,Jharkhand,Dumka,"Financial Year (Apr - Mar), 2019",248,35,10,,,0,1
India,Jharkhand,East Singhbum,"Financial Year (Apr - Mar), 2019",243,25,9,,,1,1
India,Jharkhand,Garhwa,"Financial Year (Apr - Mar), 2019",117,11,6,,,1,1
India,Jharkhand,Giridih,"Financial Year (Apr - Mar), 2019",179,17,11,,,0,1
India,Jharkhand,Godda,"Financial Year (Apr - Mar), 2019",181,10,7,,,0,1
India,Jharkhand,Gumla,"Financial Year (Apr - Mar), 2019",243,2,10,,,0,1
India,Jharkhand,Hazaribagh,"Financial Year (Apr - Mar), 2019",140,16,8,,,1,1
India,Jharkhand,Jamtara,"Financial Year (Apr - Mar), 2019",129,13,4,,,0,1
India,Jharkhand,Khunti,"Financial Year (Apr - Mar), 2019",108,5,5,,,0,1
India,Jharkhand,Koderma,"Financial Year (Apr - Mar), 2019",65,8,4,,,0,1
India,Jharkhand,Latehar,"Financial Year (Apr - Mar), 2019",97,7,6,,,0,1
India,Jharkhand,Lohardaga,"Financial Year (Apr - Mar), 2019",74,7,4,,,0,1
India,Jharkhand,Pakur,"Financial Year (Apr - Mar), 2019",121,10,5,,,0,1
India,Jharkhand,Palamu,"Financial Year (Apr - Mar), 2019",171,24,7,,,2,1
India,Jharkhand,Ramgarh,"Financial Year (Apr - Mar), 2019",54,8,6,,,0,1
India,Jharkhand,Ranchi,"Financial Year (Apr - Mar), 2019",324,34,13,,,1,1
India,Jharkhand,Sahebganj,"Financial Year (Apr - Mar), 2019",136,12,8,,,1,1
India,Jharkhand,Saraikela Kharsawan,"Financial Year (Apr - Mar), 2019",192,13,6,,,1,1
India,Jharkhand,Simdega,"Financial Year (Apr - Mar), 2019",155,8,6,,,0,1
India,Jharkhand,West Singhbhum,"Financial Year (Apr - Mar), 2019",343,16,13,,,1,1
India,Karnataka,Bagalkote,"Financial Year (Apr - Mar), 2019",233,55,8,,,5,1
India,Karnataka,Ballari,"Financial Year (Apr - Mar), 2019",293,74,11,,,6,1
India,Karnataka,Belagavi,"Financial Year (Apr - Mar), 2019",620,153,16,,,9,0
India,Karnataka,Bengaluru Rural,"Financial Year (Apr - Mar), 2019",199,50,2,,,4,0
India,Karnataka,Bengaluru Urban,"Financial Year (Apr - Mar), 2019",279,203,11,,,5,7
India,Karnataka,Bidar,"Financial Year (Apr - Mar), 2019",275,58,8,,,4,0
India,Karnataka,Chamarajanagara,"Financial Year (Apr - Mar), 2019",254,62,3,,,3,0
India,Karnataka,Chikkaballapura,"Financial Year (Apr - Mar), 2019",203,61,2,,,5,1
India,Karnataka,Chikkamagaluru,"Financial Year (Apr - Mar), 2019",368,91,5,,,6,1
India,Karnataka,Chitradurga,"Financial Year (Apr - Mar), 2019",343,86,11,,,5,1
India,Karnataka,Dakshina Kannada,"Financial Year (Apr - Mar), 2019",430,80,5,,,4,2
India,Karnataka,Davangere,"Financial Year (Apr - Mar), 2019",324,108,6,,,5,2
India,Karnataka,Dharwad,"Financial Year (Apr - Mar), 2019",185,53,0,,,3,1
India,Karnataka,Gadag,"Financial Year (Apr - Mar), 2019",191,42,2,,,4,1
India,Karnataka,Hassan,"Financial Year (Apr - Mar), 2019",486,138,15,,,7,0
India,Karnataka,Haveri,"Financial Year (Apr - Mar), 2019",311,72,5,,,6,1
India,Karnataka,Kalaburagi,"Financial Year (Apr - Mar), 2019",337,102,16,,,6,0
India,Karnataka,Kodagu,"Financial Year (Apr - Mar), 2019",196,30,7,,,2,0
India,Karnataka,Koppal,"Financial Year (Apr - Mar), 2019",176,48,9,,,3,0
India,Karnataka,Mandya,"Financial Year (Apr - Mar), 2019",410,117,9,,,6,0
India,Karnataka,Mysuru,"Financial Year (Apr - Mar), 2019",510,147,10,,,6,1
India,Karnataka,Raichur,"Financial Year (Apr - Mar), 2019",213,57,6,,,4,0
India,Karnataka,Ramanagara,"Financial Year (Apr - Mar), 2019",249,65,4,,,3,1
India,Karnataka,Shivamogga,"Financial Year (Apr - Mar), 2019",356,106,7,,,7,0
India,Karnataka,Tumakuru,"Financial Year (Apr - Mar), 2019",569,150,4,,,9,1
India,Karnataka,Udupi,"Financial Year (Apr - Mar), 2019",336,62,6,,,2,1
India,Karnataka,Uttara Kannada,"Financial Year (Apr - Mar), 2019",344,85,3,,,10,0
India,Karnataka,Vijayapura,"Financial Year (Apr - Mar), 2019",310,67,9,,,4,1
India,Karnataka,Yadgir,"Financial Year (Apr - Mar), 2019",169,44,6,,,2,1
India,Kerala,Alappuzha,"Financial Year (Apr - Mar), 2019",366,63,16,,,6,4
India,Kerala,Ernakulam,"Financial Year (Apr - Mar), 2019",410,90,23,,,11,4
India,Kerala,Idukki,"Financial Year (Apr - Mar), 2019",309,41,13,,,4,2
India,Kerala,Kannur,"Financial Year (Apr - Mar), 2019",414,88,9,,,9,3
India,Kerala,Kasaragod,"Financial Year (Apr - Mar), 2019",247,42,6,,,5,2
India,Kerala,Kollam,"Financial Year (Apr - Mar), 2019",421,62,17,,,8,2
India,Kerala,Kottayam,"Financial Year (Apr - Mar), 2019",333,59,20,,,3,5
India,Kerala,Kozhikode,"Financial Year (Apr - Mar), 2019",401,74,16,,,7,4
India,Kerala,Malappuram,"Financial Year (Apr - Mar), 2019",589,96,21,,,7,5
India,Kerala,Palakkad,"Financial Year (Apr - Mar), 2019",503,81,19,,,6,3
India,Kerala,Pathanamthitta,"Financial Year (Apr - Mar), 2019",261,44,12,,,4,3
India,Kerala,Thiruvananthapuram,"Financial Year (Apr - Mar), 2019",485,85,22,,,8,6
India,Kerala,Thrissur,"Financial Year (Apr - Mar), 2019",471,83,24,,,6,3
India,Kerala,Wayanad,"Financial Year (Apr - Mar), 2019",200,24,9,,,2,2
India,Madhya Pradesh,Agar-Malwa,"Financial Year (Apr - Mar), 2019",77,6,3,,,0,1
India,Madhya Pradesh,Alirajpur,"Financial Year (Apr - Mar), 2019",185,16,6,,,0,1
India,Madhya Pradesh,Anuppur,"Financial Year (Apr - Mar), 2019",169,18,8,,,0,1
India,Madhya Pradesh,Ashoknagar,"Financial Year (Apr - Mar), 2019",132,11,2,,,2,1
India,Madhya Pradesh,Balaghat,"Financial Year (Apr - Mar), 2019",292,38,7,,,3,1
India,Madhya Pradesh,Barwani,"Financial Year (Apr - Mar), 2019",330,30,8,,,2,1
India,Madhya Pradesh,Betul,"Financial Year (Apr - Mar), 2019",323,36,9,,,1,1
India,Madhya Pradesh,Bhind,"Financial Year (Apr - Mar), 2019",210,28,7,,,1,1
India,Madhya Pradesh,Bhopal,"Financial Year (Apr - Mar), 2019",66,52,2,,,3,1
India,Madhya Pradesh,Burhanpur,"Financial Year (Apr - Mar), 2019",98,15,4,,,0,1
India,Madhya Pradesh,Chhatarpur,"Financial Year (Apr - Mar), 2019",235,40,10,,,0,1
India,Madhya Pradesh,Chhindwara,"Financial Year (Apr - Mar), 2019",305,69,11,,,4,1
India,Madhya Pradesh,Damoh,"Financial Year (Apr - Mar), 2019",176,18,6,,,1,1
India,Madhya Pradesh,Datia,"Financial Year (Apr - Mar), 2019",110,13,4,,,2,1
India,Madhya Pradesh,Dewas,"Financial Year (Apr - Mar), 2019",209,25,7,,,2,1
India,Madhya Pradesh,Dhar,"Financial Year (Apr - Mar), 2019",475,52,15,,,1,1
India,Madhya Pradesh,Dindori,"Financial Year (Apr - Mar), 2019",191,22,7,,,0,1
India,Madhya Pradesh,Guna,"Financial Year (Apr - Mar), 2019",160,19,5,,,1,1
India,Madhya Pradesh,Gwalior,"Financial Year (Apr - Mar), 2019",119,55,3,,,4,1
India,Madhya Pradesh,Harda,"Financial Year (Apr - Mar), 2019",79,7,4,,,0,1
India,Madhya Pradesh,Indore,"Financial Year (Apr - Mar), 2019",115,58,6,,,3,1
India,Madhya Pradesh,Jhabua,"Financial Year (Apr - Mar), 2019",292,21,5,,,2,1
India,Madhya Pradesh,Katni,"Financial Year (Apr - Mar), 2019",163,20,6,,,1,1
India,Madhya Pradesh,Khandwa (East Nimar),"Financial Year (Apr - Mar), 2019",181,31,7,,,1,1
India,Madhya Pradesh,Khargone (West Nimar),"Financial Year (Apr - Mar), 2019",317,63,10,,,2,1
India,Madhya Pradesh,Mandla,"Financial Year (Apr - Mar), 2019",274,34,8,,,1,1
India,Madhya Pradesh,Mandsaur,"Financial Year (Apr - Mar), 2019",180,40,7,,,2,1
India,Madhya Pradesh,Morena,"Financial Year (Apr - Mar), 2019",237,27,7,,,3,1
India,Madhya Pradesh,Narmadapuram,"Financial Year (Apr - Mar), 2019",157,17,6,,,2,1
India,Madhya Pradesh,Narsimhapur,"Financial Year (Apr - Mar), 2019",136,23,7,,,1,1
India,Madhya Pradesh,Neemuch,"Financial Year (Apr - Mar), 2019",103,18,3,,,2,1
India,Madhya Pradesh,Panna,"Financial Year (Apr - Mar), 2019",155,17,6,,,0,1
India,Madhya Pradesh,Raisen,"Financial Year (Apr - Mar), 2019",187,21,7,,,3,1
India,Madhya Pradesh,Rajgarh,"Financial Year (Apr - Mar), 2019",215,30,5,,,4,1
India,Madhya Pradesh,Ratlam,"Financial Year (Apr - Mar), 2019",197,30,6,,,2,1
India,Madhya Pradesh,Rewa,"Financial Year (Apr - Mar), 2019",316,40,9,,,3,1
India,Madhya Pradesh,Sagar,"Financial Year (Apr - Mar), 2019",266,41,11,,,3,1
India,Madhya Pradesh,Satna,"Financial Year (Apr - Mar), 2019",309,50,9,,,2,1
India,Madhya Pradesh,Sehore,"Financial Year (Apr - Mar), 2019",163,24,8,,,2,1
India,Madhya Pradesh,Seoni,"Financial Year (Apr - Mar), 2019",283,32,5,,,3,1
India,Madhya Pradesh,Shahdol,"Financial Year (Apr - Mar), 2019",233,30,7,,,1,1
India,Madhya Pradesh,Shajapur,"Financial Year (Apr - Mar), 2019",117,17,4,,,3,1
India,Madhya Pradesh,Sheopur,"Financial Year (Apr - Mar), 2019",107,12,3,,,0,1
India,Madhya Pradesh,Shivpuri,"Financial Year (Apr - Mar), 2019",263,15,9,,,0,1
India,Madhya Pradesh,Sidhi,"Financial Year (Apr - Mar), 2019",196,28,6,,,0,1
India,Madhya Pradesh,Singrauli,"Financial Year (Apr - Mar), 2019",206,15,7,,,0,1
India,Madhya Pradesh,Tikamgarh,"Financial Year (Apr - Mar), 2019",207,24,7,,,0,1
India,Madhya Pradesh,Ujjain,"Financial Year (Apr - Mar), 2019",208,37,5,,,6,1
India,Madhya Pradesh,Umaria,"Financial Year (Apr - Mar), 2019",124,13,3,,,0,1
India,Madhya Pradesh,Vidisha,"Financial Year (Apr - Mar), 2019",200,27,7,,,2,1
India,Maharashtra,Ahmednagar,"Financial Year (Apr - Mar), 2019",558,106,23,,,3,1
India,Maharashtra,Akola,"Financial Year (Apr - Mar), 2019",178,45,5,,,1,1
India,Maharashtra,Amravati,"Financial Year (Apr - Mar), 2019",334,74,10,,,4,3
India,Maharashtra,Beed,"Financial Year (Apr - Mar), 2019",297,55,10,,,3,2
India,Maharashtra,Bhandara,"Financial Year (Apr - Mar), 2019",193,35,7,,,2,1
India,Maharashtra,Buldhana,"Financial Year (Apr - Mar), 2019",280,58,12,,,2,2
India,Maharashtra,Chandrapur,"Financial Year (Apr - Mar), 2019",339,67,10,,,3,0
India,Maharashtra,Chhatrapati Sambhajinagar,"Financial Year (Apr - Mar), 2019",279,82,11,,,3,1
India,Maharashtra,Dhule,"Financial Year (Apr - Mar), 2019",232,49,5,,,2,0
India,Maharashtra,Gadchiroli,"Financial Year (Apr - Mar), 2019",376,48,9,,,3,2
India,Maharashtra,Gondia,"Financial Year (Apr - Mar), 2019",258,41,10,,,1,0
India,Maharashtra,Hingoli,"Financial Year (Apr - Mar), 2019",132,27,3,,,2,2
India,Maharashtra,Jalgaon,"Financial Year (Apr - Mar), 2019",442,95,19,,,3,0
India,Maharashtra,Jalna,"Financial Year (Apr - Mar), 2019",218,43,8,,,1,2
India,Maharashtra,Kolhapur,"Financial Year (Apr - Mar), 2019",413,91,18,,,4,0
India,Maharashtra,Latur,"Financial Year (Apr - Mar), 2019",252,57,10,,,2,1
India,Maharashtra,Mumbai,"Financial Year (Apr - Mar), 2019",0,298,22,,,0,5
India,Maharashtra,Nagpur,"Financial Year (Apr - Mar), 2019",316,95,12,,,2,1
India,Maharashtra,Nanded,"Financial Year (Apr - Mar), 2019",379,80,13,,,4,2
India,Maharashtra,Nandurbar,"Financial Year (Apr - Mar), 2019",292,61,12,,,2,1
India,Maharashtra,Nashik,"Financial Year (Apr - Mar), 2019",587,156,27,,,6,4
India,Maharashtra,Palghar,"Financial Year (Apr - Mar), 2019",311,70,14,,,3,0
India,Maharashtra,Parbhani,"Financial Year (Apr - Mar), 2019",214,38,6,,,2,2
India,Maharashtra,Pune,"Financial Year (Apr - Mar), 2019",542,193,28,,,11,2
India,Maharashtra,Raigad,"Financial Year (Apr - Mar), 2019",288,59,8,,,5,1
India,Maharashtra,Ratnagiri,"Financial Year (Apr - Mar), 2019",378,68,8,,,3,1
India,Maharashtra,Sangli,"Financial Year (Apr - Mar), 2019",320,71,15,,,2,0
India,Maharashtra,Satara,"Financial Year (Apr - Mar), 2019",401,76,15,,,2,1
India,Maharashtra,Sindhudurg,"Financial Year (Apr - Mar), 2019",248,38,7,,,3,1
India,Maharashtra,Solapur,"Financial Year (Apr - Mar), 2019",427,95,16,,,3,0
India,Maharashtra,Thane,"Financial Year (Apr - Mar), 2019",176,133,11,,,5,6
India,Maharashtra,Wardha,"Financial Year (Apr - Mar), 2019",181,32,7,,,2,1
India,Maharashtra,Washim,"Financial Year (Apr - Mar), 2019",153,26,7,,,0,1
India,Maharashtra,Yavatmal,"Financial Year (Apr - Mar), 2019",444,69,14,,,3,0
India,Manipur,Bishnupur,"Financial Year (Apr - Mar), 2019",33,7,2,,,0,1
India,Manipur,Chandel,"Financial Year (Apr - Mar), 2019",25,5,1,,,1,1
India,Manipur,Churachandpur,"Financial Year (Apr - Mar), 2019",71,11,1,,,0,1
India,Manipur,Imphal East,"Financial Year (Apr - Mar), 2019",50,14,2,,,0,0
India,Manipur,Imphal West,"Financial Year (Apr - Mar), 2019",53,12,2,,,0,0
India,Manipur,Senapati,"Financial Year (Apr - Mar), 2019",67,14,2,,,0,1
India,Manipur,Tamenglong,"Financial Year (Apr - Mar), 2019",30,6,1,,,0,1
India,Manipur,Thoubal,"Financial Year (Apr - Mar), 2019",50,16,5,,,0,1
India,Manipur,Ukhrul,"Financial Year (Apr - Mar), 2019",39,8,1,,,0,1
India,Meghalaya,East Garo Hills,"Financial Year (Apr - Mar), 2019",31,8,1,,,0,1
India,Meghalaya,East Jaintia Hills,"Financial Year (Apr - Mar), 2019",35,6,2,,,0,0
India,Meghalaya,East Khasi Hills,"Financial Year (Apr - Mar), 2019",71,44,7,,,0,2
India,Meghalaya,North Garo Hills,"Financial Year (Apr - Mar), 2019",52,9,1,,,0,0
India,Meghalaya,Ri Bhoi,"Financial Year (Apr - Mar), 2019",33,10,3,,,0,1
India,Meghalaya,South Garo Hills,"Financial Year (Apr - Mar), 2019",21,7,1,,,0,1
India,Meghalaya,South West Garo Hills,"Financial Year (Apr - Mar), 2019",27,9,1,,,0,1
India,Meghalaya,South West Khasi Hills,"Financial Year (Apr - Mar), 2019",18,4,2,,,0,0
India,Meghalaya,West Garo Hills,"Financial Year (Apr - Mar), 2019",64,15,5,,,0,2
India,Meghalaya,West Jaintia Hills,"Financial Year (Apr - Mar), 2019",46,15,3,,,0,1
India,Meghalaya,West Khasi Hills,"Financial Year (Apr - Mar), 2019",45,16,2,,,0,2
India,Mizoram,Aizawl,"Financial Year (Apr - Mar), 2019",96,18,2,,,1,2
India,Mizoram,Champhai,"Financial Year (Apr - Mar), 2019",59,11,2,,,0,1
India,Mizoram,Kolasib,"Financial Year (Apr - Mar), 2019",26,5,1,,,0,1
India,Mizoram,Lawngtlai,"Financial Year (Apr - Mar), 2019",37,5,1,,,0,1
India,Mizoram,Lunglei,"Financial Year (Apr - Mar), 2019",68,11,1,,,1,1
India,Mizoram,Mamit,"Financial Year (Apr - Mar), 2019",33,6,1,,,0,1
India,Mizoram,Serchhip,"Financial Year (Apr - Mar), 2019",27,5,1,,,0,1
India,Mizoram,Siaha,"Financial Year (Apr - Mar), 2019",24,4,0,,,0,1
India,Nagaland,Mon,"Financial Year (Apr - Mar), 2019",50,15,2,,,0,1
India,Nagaland,Unknown Districts Of India,"Financial Year (Apr - Mar), 2019",6053,1299,257,,,74,29
India,Rajasthan,Ajmer,"Financial Year (Apr - Mar), 2019",371,90,22,,,3,1
India,Rajasthan,Alwar,"Financial Year (Apr - Mar), 2019",684,133,37,,,0,1
India,Rajasthan,Banswara,"Financial Year (Apr - Mar), 2019",453,59,22,,,0,1
India,Rajasthan,Baran,"Financial Year (Apr - Mar), 2019",265,53,14,,,0,1
India,Rajasthan,Barmer,"Financial Year (Apr - Mar), 2019",721,104,24,,,1,1
India,Rajasthan,Bharatpur,"Financial Year (Apr - Mar), 2019",395,75,17,,,0,1
India,Rajasthan,Bhilwara,"Financial Year (Apr - Mar), 2019",534,86,25,,,0,1
India,Rajasthan,Bikaner,"Financial Year (Apr - Mar), 2019",419,72,17,,,0,0
India,Rajasthan,Bundi,"Financial Year (Apr - Mar), 2019",207,33,13,,,0,1
India,Rajasthan,Chittorgarh,"Financial Year (Apr - Mar), 2019",383,54,23,,,1,1
India,Rajasthan,Churu,"Financial Year (Apr - Mar), 2019",436,102,16,,,2,1
India,Rajasthan,Dausa,"Financial Year (Apr - Mar), 2019",315,47,16,,,0,1
India,Rajasthan,Dholpur,"Financial Year (Apr - Mar), 2019",230,36,7,,,1,1
India,Rajasthan,Dungarpur,"Financial Year (Apr - Mar), 2019",349,59,15,,,1,1
India,Rajasthan,Ganganagar,"Financial Year (Apr - Mar), 2019",415,62,18,,,0,1
India,Rajasthan,Hanumangarh,"Financial Year (Apr - Mar), 2019",361,59,16,,,0,1
India,Rajasthan,Jaipur,"Financial Year (Apr - Mar), 2019",617,207,34,,,1,0
India,Rajasthan,Jaisalmer,"Financial Year (Apr - Mar), 2019",157,31,8,,,0,1
India,Rajasthan,Jalore,"Financial Year (Apr - Mar), 2019",407,72,11,,,0,1
India,Rajasthan,Jhalawar,"Financial Year (Apr - Mar), 2019",323,48,14,,,0,0
India,Rajasthan,Jhunjhunu,"Financial Year (Apr - Mar), 2019",592,116,26,,,0,1
India,Rajasthan,Jodhpur,"Financial Year (Apr - Mar), 2019",653,111,27,,,0,0
India,Rajasthan,Karauli,"Financial Year (Apr - Mar), 2019",278,40,11,,,1,1
India,Rajasthan,Kota,"Financial Year (Apr - Mar), 2019",188,63,13,,,0,0
India,Rajasthan,Nagaur,"Financial Year (Apr - Mar), 2019",798,131,32,,,3,1
India,Rajasthan,Pali,"Financial Year (Apr - Mar), 2019",476,89,23,,,1,1
India,Rajasthan,Pratapgarh,"Financial Year (Apr - Mar), 2019",203,32,8,,,0,1
India,Rajasthan,Rajsamand,"Financial Year (Apr - Mar), 2019",259,47,12,,,1,1
India,Rajasthan,Sawai Madhopur,"Financial Year (Apr - Mar), 2019",266,39,14,,,1,1
India,Rajasthan,Sikar,"Financial Year (Apr - Mar), 2019",638,113,30,,,2,1
India,Rajasthan,Sirohi,"Financial Year (Apr - Mar), 2019",223,34,9,,,0,1
India,Rajasthan,Tonk,"Financial Year (Apr - Mar), 2019",290,65,11,,,0,1
India,Rajasthan,Udaipur,"Financial Year (Apr - Mar), 2019",624,115,29,,,1,0
India,Sikkim,Gangtok,"Financial Year (Apr - Mar), 2019",54,7,1,,,1,1
India,Sikkim,Unknown Districts Of India,"Financial Year (Apr - Mar), 2019",5105,875,158,,,54,15
India,Tripura,Dhalai,"Financial Year (Apr - Mar), 2019",121,16,2,,,3,1
India,Tripura,Gomati,"Financial Year (Apr - Mar), 2019",146,11,3,,,2,1
India,Tripura,Khowai,"Financial Year (Apr - Mar), 2019",104,9,1,,,1,1
India,Tripura,North Tripura,"Financial Year (Apr - Mar), 2019",94,14,3,,,1,1
India,Tripura,Sepahijala,"Financial Year (Apr - Mar), 2019",146,15,4,,,2,0
India,Tripura,South Tripura,"Financial Year (Apr - Mar), 2019",148,18,5,,,2,1
India,Tripura,Unakoti,"Financial Year (Apr - Mar), 2019",70,11,1,,,1,1
India,Tripura,West Tripura,"Financial Year (Apr - Mar), 2019",172,18,3,,,0,1
India,Uttar Pradesh,Agra,"Financial Year (Apr - Mar), 2019",395,75,16,,,0,2
India,Uttar Pradesh,Aligarh,"Financial Year (Apr - Mar), 2019",333,53,13,,,0,4
India,Uttar Pradesh,Bhadohi,"Financial Year (Apr - Mar), 2019",161,17,6,,,0,2
India,Uttar Pradesh,Moradabad,"Financial Year (Apr - Mar), 2019",267,60,7,,,0,2
India,Uttar Pradesh,Muzaffarnagar,"Financial Year (Apr - Mar), 2019",286,49,4,,,0,2
India,Uttar Pradesh,Pilibhit,"Financial Year (Apr - Mar), 2019",199,28,6,,,0,2
India,Uttar Pradesh,Pratapgarh,"Financial Year (Apr - Mar), 2019",355,60,19,,,0,2
India,Uttar Pradesh,Prayagraj,"Financial Year (Apr - Mar), 2019",562,84,19,,,0,6
India,Uttar Pradesh,Rae Bareli,"Financial Year (Apr - Mar), 2019",352,51,17,,,0,2
India,Uttar Pradesh,Rampur,"Financial Year (Apr - Mar), 2019",211,35,5,,,0,2
India,Uttar Pradesh,Saharanpur,"Financial Year (Apr - Mar), 2019",364,62,14,,,0,2
India,Uttar Pradesh,Sambhal,"Financial Year (Apr - Mar), 2019",214,31,9,,,0,1
India,Uttar Pradesh,Sant Kabir Nagar,"Financial Year (Apr - Mar), 2019",185,23,4,,,0,1
India,Uttar Pradesh,Shahjahanpur,"Financial Year (Apr - Mar), 2019",298,46,17,,,0,2
India,Uttar Pradesh,Shamli,"Financial Year (Apr - Mar), 2019",135,26,7,,,0,0
India,Uttar Pradesh,Shrawasti,"Financial Year (Apr - Mar), 2019",125,12,6,,,0,1
India,Uttar Pradesh,Siddharth Nagar,"Financial Year (Apr - Mar), 2019",278,65,8,,,0,1
India,Uttar Pradesh,Sitapur,"Financial Year (Apr - Mar), 2019",471,67,18,,,0,2
India,Uttar Pradesh,Sonbhadra,"Financial Year (Apr - Mar), 2019",173,31,7,,,0,2
India,Uttar Pradesh,Sultanpur,"Financial Year (Apr - Mar), 2019",244,42,13,,,0,2
India,Uttar Pradesh,Unknown Districts Of India,"Financial Year (Apr - Mar), 2019",3135,544,57,,,24,2
India,Uttar Pradesh,Unnao,"Financial Year (Apr - Mar), 2019",357,54,7,,,0,2
India,Uttar Pradesh,Varanasi,"Financial Year (Apr - Mar), 2019",320,51,12,,,0,4
India,Uttarakhand,Almora,"Financial Year (Apr - Mar), 2019",203,26,9,,,2,1
India,Uttarakhand,Bageshwar,"Financial Year (Apr - Mar), 2019",89,15,3,,,0,1
India,Uttarakhand,Chamoli,"Financial Year (Apr - Mar), 2019",112,21,3,,,1,1
India,Uttarakhand,Champawat,"Financial Year (Apr - Mar), 2019",66,6,2,,,1,1
India,Uttarakhand,Dehradun,"Financial Year (Apr - Mar), 2019",180,33,5,,,4,1
India,Uttarakhand,Haridwar,"Financial Year (Apr - Mar), 2019",166,41,8,,,2,1
India,Uttarakhand,Nainital,"Financial Year (Apr - Mar), 2019",136,19,8,,,4,1
India,Uttarakhand,Pauri Garhwal,"Financial Year (Apr - Mar), 2019",209,31,5,,,3,1
India,Uttarakhand,Pithoragarh,"Financial Year (Apr - Mar), 2019",162,18,4,,,0,1
India,Uttarakhand,Rudra Prayag,"Financial Year (Apr - Mar), 2019",73,13,2,,,0,1
India,Uttarakhand,Tehri Garhwal,"Financial Year (Apr - Mar), 2019",212,28,11,,,1,1
India,Uttarakhand,Udam Singh Nagar,"Financial Year (Apr - Mar), 2019",154,32,5,,,1,1
India,Uttarakhand,Uttar Kashi,"Financial Year (Apr - Mar), 2019",85,12,3,,,0,1
India,West Bengal,Alipurduar,"Financial Year (Apr - Mar), 2019",236,14,7,,,1,1
India,West Bengal,Bankura,"Financial Year (Apr - Mar), 2019",564,73,22,,,1,1
India,West Bengal,Birbhum,"Financial Year (Apr - Mar), 2019",484,62,19,,,1,1
India,West Bengal,Coochbehar,"Financial Year (Apr - Mar), 2019",406,38,12,,,4,0
India,West Bengal,Dakshin Dinajpur,"Financial Year (Apr - Mar), 2019",248,22,8,,,1,1
India,West Bengal,Darjeeling,"Financial Year (Apr - Mar), 2019",181,28,9,,,1,2
India,West Bengal,Hooghly,"Financial Year (Apr - Mar), 2019",660,89,18,,,4,1
India,West Bengal,Howrah,"Financial Year (Apr - Mar), 2019",448,74,15,,,7,1
India,West Bengal,Jalpaiguri,"Financial Year (Apr - Mar), 2019",301,27,7,,,1,1
India,West Bengal,Jhargram,"Financial Year (Apr - Mar), 2019",219,26,8,,,0,1
India,West Bengal,Kalimpong,"Financial Year (Apr - Mar), 2019",49,6,3,,,0,1
India,West Bengal,Kolkata,"Financial Year (Apr - Mar), 2019",0,144,0,,,0,0
India,West Bengal,Malda,"Financial Year (Apr - Mar), 2019",511,40,16,,,1,0
India,West Bengal,Murshidabad,"Financial Year (Apr - Mar), 2019",832,83,27,,,4,0
India,West Bengal,Nadia,"Financial Year (Apr - Mar), 2019",469,64,17,,,5,1
India,West Bengal,North 24 Parganas,"Financial Year (Apr - Mar), 2019",742,149,22,,,10,2
India,West Bengal,Paschim Bardhaman,"Financial Year (Apr - Mar), 2019",173,64,9,,,1,1
India,West Bengal,Paschim Medinipur,"Financial Year (Apr - Mar), 2019",639,67,21,,,2,0
India,West Bengal,Purba Bardhaman,"Financial Year (Apr - Mar), 2019",592,83,25,,,2,0
India,West Bengal,Purba Medinipur,"Financial Year (Apr - Mar), 2019",706,59,24,,,4,2
India,West Bengal,Purulia,"Financial Year (Apr - Mar), 2019",485,55,20,,,1,0
India,West Bengal,South 24 Parganas,"Financial Year (Apr - Mar), 2019",1068,78,30,,,7,1
India,West Bengal,Uttar Dinajpur,"Financial Year (Apr - Mar), 2019",344,24,9,,,2,0
India,Andaman and Nicobar Islands,Nicobars,"Financial Year (Apr - Mar), 2016",41,4,1,,,0,1
India,Andaman and Nicobar Islands,North and Middle Andaman,"Financial Year (Apr - Mar), 2016",43,8,2,,,0,1
India,Andaman and Nicobar Islands,South Andamans,"Financial Year (Apr - Mar), 2016",39,10,1,,,0,1
India,Andhra Pradesh,Ananthapuramu,"Financial Year (Apr - Mar), 2016",586,88,15,,,3,0
India,Andhra Pradesh,Chittoor,"Financial Year (Apr - Mar), 2016",644,103,13,,,5,1
India,Andhra Pradesh,East Godavari,"Financial Year (Apr - Mar), 2016",840,128,26,,,3,1
India,Andhra Pradesh,Guntur,"Financial Year (Apr - Mar), 2016",680,86,17,,,2,1
India,Andhra Pradesh,Krishna,"Financial Year (Apr - Mar), 2016",593,88,12,,,2,1
India,Andhra Pradesh,Kurnool,"Financial Year (Apr - Mar), 2016",542,87,18,,,1,1
India,Andhra Pradesh,Prakasam,"Financial Year (Apr - Mar), 2016",534,90,14,,,3,0
India,Andhra Pradesh,Sri Potti Sriramulu Nellore,"Financial Year (Apr - Mar), 2016",477,75,14,,,3,0
India,Andhra Pradesh,Srikakulam,"Financial Year (Apr - Mar), 2016",465,80,16,,,2,0
India,Andhra Pradesh,Visakhapatnam,"Financial Year (Apr - Mar), 2016",583,89,11,,,2,0
India,Andhra Pradesh,Vizianagaram,"Financial Year (Apr - Mar), 2016",431,68,11,,,1,1
India,Andhra Pradesh,West Godavari,"Financial Year (Apr - Mar), 2016",635,91,14,,,3,1
India,Andhra Pradesh,Y.S.R.,"Financial Year (Apr - Mar), 2016",448,74,12,,,1,1
India,Arunachal Pradesh,Anjaw,"Financial Year (Apr - Mar), 2016",41,7,5,,,0,1
India,Arunachal Pradesh,Changlang,"Financial Year (Apr - Mar), 2016",35,8,5,,,0,1
India,Arunachal Pradesh,Dibang Valley,"Financial Year (Apr - Mar), 2016",10,1,0,,,0,1
India,Arunachal Pradesh,East Kameng,"Financial Year (Apr - Mar), 2016",49,11,3,,,0,1
India,Arunachal Pradesh,East Siang,"Financial Year (Apr - Mar), 2016",22,10,4,,,0,1
India,Arunachal Pradesh,Kra Daadi,"Financial Year (Apr - Mar), 2016",34,7,1,,,0,0
India,Arunachal Pradesh,Kurung Kumey,"Financial Year (Apr - Mar), 2016",25,6,2,,,0,1
India,Arunachal Pradesh,Lohit,"Financial Year (Apr - Mar), 2016",15,5,2,,,0,1
India,Arunachal Pradesh,Longding,"Financial Year (Apr - Mar), 2016",19,3,3,,,0,1
India,Arunachal Pradesh,Lower Dibang Valley,"Financial Year (Apr - Mar), 2016",19,6,4,,,0,1
India,Arunachal Pradesh,Lower Subansiri,"Financial Year (Apr - Mar), 2016",35,8,3,,,0,1
India,Arunachal Pradesh,Namsai,"Financial Year (Apr - Mar), 2016",14,4,3,,,0,0
India,Arunachal Pradesh,Papum Pare,"Financial Year (Apr - Mar), 2016",56,14,3,,,0,2
India,Arunachal Pradesh,Siang,"Financial Year (Apr - Mar), 2016",23,4,1,,,0,0
India,Arunachal Pradesh,Tawang,"Financial Year (Apr - Mar), 2016",15,6,2,,,0,1
India,Arunachal Pradesh,Tirap,"Financial Year (Apr - Mar), 2016",19,8,1,,,0,1
India,Arunachal Pradesh,Upper Siang,"Financial Year (Apr - Mar), 2016",14,2,4,,,0,1
India,Arunachal Pradesh,Upper Subansiri,"Financial Year (Apr - Mar), 2016",58,15,5,,,0,1
India,Arunachal Pradesh,West Kameng,"Financial Year (Apr - Mar), 2016",26,5,5,,,0,1
India,Arunachal Pradesh,West Siang,"Financial Year (Apr - Mar), 2016",51,13,7,,,0,1
India,Assam,Baksa,"Financial Year (Apr - Mar), 2016",157,41,5,,,0,1
India,Assam,Barpeta,"Financial Year (Apr - Mar), 2016",264,51,6,,,1,1
India,Assam,Bongaigaon,"Financial Year (Apr - Mar), 2016",88,30,4,,,0,1
India,Assam,Cachar,"Financial Year (Apr - Mar), 2016",270,31,3,,,0,1
India,Assam,Chirang,"Financial Year (Apr - Mar), 2016",87,24,3,,,0,1
India,Assam,Darrang,"Financial Year (Apr - Mar), 2016",159,31,7,,,0,1
India,Assam,Dhemaji,"Financial Year (Apr - Mar), 2016",98,22,4,,,0,1
India,Assam,Dhubri,"Financial Year (Apr - Mar), 2016",246,43,6,,,2,1
India,Assam,Dibrugarh,"Financial Year (Apr - Mar), 2016",231,28,8,,,0,0
India,Assam,Dima Hasao,"Financial Year (Apr - Mar), 2016",65,10,2,,,0,1
India,Assam,Goalpara,"Financial Year (Apr - Mar), 2016",151,41,5,,,0,1
India,Assam,Golaghat,"Financial Year (Apr - Mar), 2016",144,40,4,,,1,1
India,Assam,Hailakandi,"Financial Year (Apr - Mar), 2016",105,13,3,,,0,1
India,Assam,Jorhat,"Financial Year (Apr - Mar), 2016",144,44,5,,,2,0
India,Assam,Kamrup,"Financial Year (Apr - Mar), 2016",280,72,12,,,1,1
India,Assam,Kamrup Metro,"Financial Year (Apr - Mar), 2016",51,24,3,,,0,1
India,Assam,Karbi Anglong,"Financial Year (Apr - Mar), 2016",145,46,5,,,1,1
India,Assam,Karimganj,"Financial Year (Apr - Mar), 2016",217,31,7,,,0,1
India,Assam,Kokrajhar,"Financial Year (Apr - Mar), 2016",161,45,2,,,1,1
India,Assam,Lakhimpur,"Financial Year (Apr - Mar), 2016",156,32,8,,,1,1
India,Assam,Marigaon,"Financial Year (Apr - Mar), 2016",123,35,5,,,0,1
India,Assam,Nagaon,"Financial Year (Apr - Mar), 2016",352,83,17,,,0,1
India,Assam,Nalbari,"Financial Year (Apr - Mar), 2016",121,48,11,,,0,1
India,Assam,Sivasagar,"Financial Year (Apr - Mar), 2016",219,44,4,,,2,1
India,Assam,Sonitpur,"Financial Year (Apr - Mar), 2016",277,58,8,,,2,1
India,Assam,Tinsukia,"Financial Year (Apr - Mar), 2016",164,23,6,,,0,1
India,Assam,Udalguri,"Financial Year (Apr - Mar), 2016",146,24,5,,,0,1
India,Bihar,Araria,"Financial Year (Apr - Mar), 2016",242,38,2,,,1,1
India,Bihar,Arwal,"Financial Year (Apr - Mar), 2016",65,32,0,,,0,1
India,Bihar,Aurangabad,"Financial Year (Apr - Mar), 2016",254,72,6,,,1,1
India,Bihar,Banka,"Financial Year (Apr - Mar), 2016",239,42,4,,,0,1
India,Bihar,Begusarai,"Financial Year (Apr - Mar), 2016",292,40,2,,,4,1
India,Bihar,Bhagalpur,"Financial Year (Apr - Mar), 2016",362,70,4,,,2,1
India,Bihar,Bhojpur,"Financial Year (Apr - Mar), 2016",298,41,4,,,2,1
India,Bihar,Buxar,"Financial Year (Apr - Mar), 2016",160,39,1,,,1,1
India,Bihar,Darbhanga,"Financial Year (Apr - Mar), 2016",398,97,8,,,1,1
India,Bihar,Gaya,"Financial Year (Apr - Mar), 2016",261,64,9,,,2,1
India,Bihar,Gopalganj,"Financial Year (Apr - Mar), 2016",469,60,8,,,1,1
India,Bihar,Jamui,"Financial Year (Apr - Mar), 2016",185,36,6,,,0,1
India,Bihar,Jehanabad,"Financial Year (Apr - Mar), 2016",107,38,2,,,0,1
India,Bihar,Kaimur (Bhabua),"Financial Year (Apr - Mar), 2016",279,32,4,,,1,1
India,Bihar,Katihar,"Financial Year (Apr - Mar), 2016",175,30,4,,,2,1
India,Bihar,Khagaria,"Financial Year (Apr - Mar), 2016",327,57,1,,,0,1
India,Bihar,Kishanganj,"Financial Year (Apr - Mar), 2016",186,30,1,,,0,1
India,Bihar,Lakhisarai,"Financial Year (Apr - Mar), 2016",156,17,1,,,0,1
India,Bihar,Madhepura,"Financial Year (Apr - Mar), 2016",102,18,1,,,1,1
India,Bihar,Madhubani,"Financial Year (Apr - Mar), 2016",272,34,4,,,4,1
India,Bihar,Munger,"Financial Year (Apr - Mar), 2016",376,82,2,,,2,1
India,Bihar,Muzaffarpur,"Financial Year (Apr - Mar), 2016",154,29,9,,,0,1
India,Bihar,Nalanda,"Financial Year (Apr - Mar), 2016",499,99,3,,,2,1
India,Bihar,Nawada,"Financial Year (Apr - Mar), 2016",368,65,2,,,1,1
India,Bihar,Pashchim Champaran,"Financial Year (Apr - Mar), 2016",334,50,2,,,2,1
India,Bihar,Patna,"Financial Year (Apr - Mar), 2016",174,50,4,,,4,1
India,Bihar,Purbi Champaran,"Financial Year (Apr - Mar), 2016",532,51,11,,,3,1
India,Bihar,Purnia,"Financial Year (Apr - Mar), 2016",234,117,2,,,3,1
India,Bihar,Rohtas,"Financial Year (Apr - Mar), 2016",312,47,6,,,2,1
India,Bihar,Saharsa,"Financial Year (Apr - Mar), 2016",251,51,1,,,1,1
India,Bihar,Samastipur,"Financial Year (Apr - Mar), 2016",171,42,8,,,4,1
India,Bihar,Saran,"Financial Year (Apr - Mar), 2016",358,75,9,,,2,1
India,Bihar,Sheikhpura,"Financial Year (Apr - Mar), 2016",414,61,1,,,0,1
India,Bihar,Sheohar,"Financial Year (Apr - Mar), 2016",85,23,0,,,0,1
India,Bihar,Sitamarhi,"Financial Year (Apr - Mar), 2016",91,18,5,,,2,1
India,Bihar,Siwan,"Financial Year (Apr - Mar), 2016",208,55,9,,,1,1
India,Bihar,Supaul,"Financial Year (Apr - Mar), 2016",378,63,2,,,1,1
India,Bihar,Vaishali,"Financial Year (Apr - Mar), 2016",181,34,2,,,2,1
India,Chandigarh,Chandigarh,"Financial Year (Apr - Mar), 2016",17,3,2,,,1,1
India,Chhattisgarh,Balod,"Financial Year (Apr - Mar), 2016",196,30,6,,,0,1
India,Chhattisgarh,Balodabazar-Bhatapara,"Financial Year (Apr - Mar), 2016",215,30,6,,,1,1
India,Chhattisgarh,Balrampur Ramanujganj,"Financial Year (Apr - Mar), 2016",193,27,6,,,1,1
India,Chhattisgarh,Bastar,"Financial Year (Apr - Mar), 2016",244,40,8,,,1,0
India,Chhattisgarh,Bemetara,"Financial Year (Apr - Mar), 2016",126,20,4,,,1,1
India,Chhattisgarh,Bijapur,"Financial Year (Apr - Mar), 2016",93,10,5,,,0,1
India,Chhattisgarh,Bilaspur,"Financial Year (Apr - Mar), 2016",274,56,8,,,1,1
India,Chhattisgarh,Dhamtari,"Financial Year (Apr - Mar), 2016",180,25,4,,,1,1
India,Chhattisgarh,Durg,"Financial Year (Apr - Mar), 2016",128,24,8,,,1,1
India,Chhattisgarh,Gariyaband,"Financial Year (Apr - Mar), 2016",198,17,6,,,0,1
India,Chhattisgarh,Janjgir-Champa,"Financial Year (Apr - Mar), 2016",271,46,11,,,1,1
India,Chhattisgarh,Jashpur,"Financial Year (Apr - Mar), 2016",258,35,8,,,2,1
India,Chhattisgarh,Kabeerdham,"Financial Year (Apr - Mar), 2016",145,24,6,,,0,1
India,Chhattisgarh,Kondagaon,"Financial Year (Apr - Mar), 2016",172,21,6,,,0,1
India,Chhattisgarh,Korba,"Financial Year (Apr - Mar), 2016",259,37,6,,,0,1
India,Chhattisgarh,Korea,"Financial Year (Apr - Mar), 2016",189,29,5,,,0,1
India,Chhattisgarh,Mahasamund,"Financial Year (Apr - Mar), 2016",222,30,5,,,0,1
India,Chhattisgarh,Mungeli,"Financial Year (Apr - Mar), 2016",120,28,3,,,0,1
India,Chhattisgarh,Narayanpur,"Financial Year (Apr - Mar), 2016",58,8,1,,,0,1
India,Chhattisgarh,Raigarh,"Financial Year (Apr - Mar), 2016",338,52,9,,,3,1
India,Chhattisgarh,Raipur,"Financial Year (Apr - Mar), 2016",167,31,8,,,2,1
India,Chhattisgarh,Rajnandgaon,"Financial Year (Apr - Mar), 2016",316,46,10,,,1,1
India,Chhattisgarh,Sukma,"Financial Year (Apr - Mar), 2016",86,12,3,,,0,1
India,Chhattisgarh,Surajpur,"Financial Year (Apr - Mar), 2016",215,35,8,,,0,1
India,Chhattisgarh,Surguja,"Financial Year (Apr - Mar), 2016",198,25,7,,,1,1
India,Chhattisgarh,Unknown Districts Of India,"Financial Year (Apr - Mar), 2016",76,13,4,,,0,1
India,Chhattisgarh,Uttar Bastar Kanker,"Financial Year (Apr - Mar), 2016",249,34,8,,,1,1
India,Delhi,Central,"Financial Year (Apr - Mar), 2016",0,0,0,,,3,9
India,Delhi,East,"Financial Year (Apr - Mar), 2016",0,0,0,,,0,2
India,Delhi,New Delhi,"Financial Year (Apr - Mar), 2016",1,0,0,,,3,7
India,Delhi,North,"Financial Year (Apr - Mar), 2016",0,0,0,,,0,3
India,Delhi,North East,"Financial Year (Apr - Mar), 2016",0,0,0,,,0,1
India,Delhi,North West,"Financial Year (Apr - Mar), 2016",0,0,0,,,1,5
India,Delhi,Shahdara,"Financial Year (Apr - Mar), 2016",0,0,0,,,1,6
India,Delhi,South,"Financial Year (Apr - Mar), 2016",0,2,0,,,0,2
India,Delhi,South East,"Financial Year (Apr - Mar), 2016",0,0,0,,,0,2
India,Delhi,South West,"Financial Year (Apr - Mar), 2016",9,3,0,,,1,3
India,Delhi,West,"Financial Year (Apr - Mar), 2016",0,0,0,,,0,7
India,Goa,North Goa,"Financial Year (Apr - Mar), 2016",109,11,2,,,1,1
India,Goa,South Goa,"Financial Year (Apr - Mar), 2016",105,13,2,,,1,1
India,Gujarat,Ahmadabad,"Financial Year (Apr - Mar), 2016",214,39,9,,,2,0
India,Gujarat,Amreli,"Financial Year (Apr - Mar), 2016",247,41,12,,,3,1
India,Gujarat,Banas Kantha,"Financial Year (Apr - Mar), 2016",745,107,27,,,0,1
India,Gujarat,Bharuch,"Financial Year (Apr - Mar), 2016",237,41,10,,,2,0
India,Gujarat,Bhavnagar,"Financial Year (Apr - Mar), 2016",300,44,13,,,1,1
India,Gujarat,Botad,"Financial Year (Apr - Mar), 2016",88,15,5,,,0,1
India,Gujarat,Chhotaudepur,"Financial Year (Apr - Mar), 2016",310,49,12,,,1,0
India,Gujarat,Dang,"Financial Year (Apr - Mar), 2016",68,10,3,,,0,0
India,Gujarat,Dohad,"Financial Year (Apr - Mar), 2016",637,89,21,,,0,0
India,Gujarat,Gandhinagar,"Financial Year (Apr - Mar), 2016",171,26,9,,,1,1
India,Gujarat,Gir Somnath,"Financial Year (Apr - Mar), 2016",173,27,8,,,3,1
India,Gujarat,Jamnagar,"Financial Year (Apr - Mar), 2016",207,31,9,,,2,1
India,Gujarat,Junagadh,"Financial Year (Apr - Mar), 2016",237,38,10,,,0,1
India,Gujarat,Kachchh,"Financial Year (Apr - Mar), 2016",435,64,17,,,1,0
India,Gujarat,Kheda,"Financial Year (Apr - Mar), 2016",314,52,15,,,0,1
India,Gujarat,Mahesana,"Financial Year (Apr - Mar), 2016",289,56,13,,,4,1
India,Gujarat,Mahisagar,"Financial Year (Apr - Mar), 2016",224,34,8,,,1,1
India,Gujarat,Morbi,"Financial Year (Apr - Mar), 2016",195,27,6,,,1,0
India,Gujarat,Narmada,"Financial Year (Apr - Mar), 2016",174,26,4,,,2,1
India,Gujarat,Navsari,"Financial Year (Apr - Mar), 2016",296,45,12,,,1,0
India,Gujarat,Panch Mahals,"Financial Year (Apr - Mar), 2016",299,49,13,,,0,1
India,Gujarat,Patan,"Financial Year (Apr - Mar), 2016",322,43,15,,,2,0
India,Gujarat,Porbandar,"Financial Year (Apr - Mar), 2016",84,11,4,,,0,1
India,Gujarat,Rajkot,"Financial Year (Apr - Mar), 2016",339,49,13,,,1,0
India,Gujarat,Sabar Kantha,"Financial Year (Apr - Mar), 2016",276,46,13,,,0,1
India,Gujarat,Surat,"Financial Year (Apr - Mar), 2016",358,55,14,,,0,1
India,Gujarat,Surendranagar,"Financial Year (Apr - Mar), 2016",344,44,12,,,1,1
India,Gujarat,Tapi,"Financial Year (Apr - Mar), 2016",241,38,8,,,1,1
India,Gujarat,Unknown Districts Of India,"Financial Year (Apr - Mar), 2016",653,106,28,,,5,2
India,Gujarat,Vadodara,"Financial Year (Apr - Mar), 2016",242,42,10,,,1,1
India,Gujarat,Valsad,"Financial Year (Apr - Mar), 2016",363,48,10,,,0,1
India,Haryana,Ambala,"Financial Year (Apr - Mar), 2016",104,14,4,,,2,1
India,Haryana,Bhiwani,"Financial Year (Apr - Mar), 2016",214,35,9,,,4,1
India,Haryana,Faridabad,"Financial Year (Apr - Mar), 2016",61,12,2,,,1,1
India,Haryana,Fatehabad,"Financial Year (Apr - Mar), 2016",131,14,4,,,1,1
India,Haryana,Gurugram,"Financial Year (Apr - Mar), 2016",75,10,3,,,2,2
India,Haryana,Hisar,"Financial Year (Apr - Mar), 2016",198,27,8,,,2,1
India,Haryana,Jhajjar,"Financial Year (Apr - Mar), 2016",134,22,6,,,2,1
India,Haryana,Jind,"Financial Year (Apr - Mar), 2016",161,21,7,,,1,1
India,Haryana,Kaithal,"Financial Year (Apr - Mar), 2016",143,17,6,,,0,1
India,Haryana,Karnal,"Financial Year (Apr - Mar), 2016",147,19,6,,,1,0
India,Haryana,Kurukshetra,"Financial Year (Apr - Mar), 2016",117,16,5,,,0,1
India,Haryana,Mahendragarh,"Financial Year (Apr - Mar), 2016",135,18,7,,,1,1
India,Haryana,Palwal,"Financial Year (Apr - Mar), 2016",95,15,5,,,0,1
India,Haryana,Panchkula,"Financial Year (Apr - Mar), 2016",46,8,2,,,0,1
India,Haryana,Panipat,"Financial Year (Apr - Mar), 2016",89,14,4,,,0,1
India,Haryana,Rewari,"Financial Year (Apr - Mar), 2016",113,13,5,,,1,1
India,Haryana,Rohtak,"Financial Year (Apr - Mar), 2016",116,16,7,,,0,1
India,Haryana,Sirsa,"Financial Year (Apr - Mar), 2016",151,19,7,,,1,1
India,Haryana,Sonipat,"Financial Year (Apr - Mar), 2016",162,29,6,,,1,1
India,Haryana,Unknown Districts Of India,"Financial Year (Apr - Mar), 2016",84,15,3,,,0,1
India,Haryana,Yamunanagar,"Financial Year (Apr - Mar), 2016",113,12,6,,,1,1
India,Himachal Pradesh,Bilaspur,"Financial Year (Apr - Mar), 2016",117,38,9,,,1,1
India,Himachal Pradesh,Chamba,"Financial Year (Apr - Mar), 2016",177,42,6,,,5,1
India,Himachal Pradesh,Hamirpur,"Financial Year (Apr - Mar), 2016",150,32,3,,,3,1
India,Himachal Pradesh,Kangra,"Financial Year (Apr - Mar), 2016",437,85,17,,,12,1
India,Himachal Pradesh,Kinnaur,"Financial Year (Apr - Mar), 2016",35,23,4,,,1,1
India,Himachal Pradesh,Kullu,"Financial Year (Apr - Mar), 2016",101,22,3,,,5,1
India,Himachal Pradesh,Lahul and Spiti,"Financial Year (Apr - Mar), 2016",36,16,3,,,0,1
India,Himachal Pradesh,Mandi,"Financial Year (Apr - Mar), 2016",320,74,13,,,9,1
India,Himachal Pradesh,Shimla,"Financial Year (Apr - Mar), 2016",249,110,13,,,11,1
India,Himachal Pradesh,Sirmaur,"Financial Year (Apr - Mar), 2016",148,38,4,,,4,1
India,Himachal Pradesh,Solan,"Financial Year (Apr - Mar), 2016",179,35,6,,,5,1
India,Himachal Pradesh,Una,"Financial Year (Apr - Mar), 2016",134,23,8,,,3,1
India,Jammu and Kashmir,Anantnag,"Financial Year (Apr - Mar), 2016",157,40,5,,,0,1
India,Jammu and Kashmir,Bandipora,"Financial Year (Apr - Mar), 2016",79,13,3,,,0,1
India,Jammu and Kashmir,Baramulla,"Financial Year (Apr - Mar), 2016",217,54,6,,,0,1
India,Jammu and Kashmir,Budgam,"Financial Year (Apr - Mar), 2016",153,50,9,,,0,1
India,Jammu and Kashmir,Doda,"Financial Year (Apr - Mar), 2016",105,33,3,,,0,1
India,Jammu and Kashmir,Ganderbal,"Financial Year (Apr - Mar), 2016",63,19,1,,,0,1
India,Jammu and Kashmir,Jammu,"Financial Year (Apr - Mar), 2016",204,45,8,,,0,1
India,Jammu and Kashmir,Kathua,"Financial Year (Apr - Mar), 2016",197,35,5,,,0,1
India,Jammu and Kashmir,Kishtwar,"Financial Year (Apr - Mar), 2016",93,16,1,,,0,1
India,Jammu and Kashmir,Kulgam,"Financial Year (Apr - Mar), 2016",133,28,3,,,0,1
India,Jammu and Kashmir,Kupwara,"Financial Year (Apr - Mar), 2016",259,39,7,,,0,1
India,Jammu and Kashmir,Poonch,"Financial Year (Apr - Mar), 2016",149,32,3,,,0,1
India,Jammu and Kashmir,Pulwama,"Financial Year (Apr - Mar), 2016",104,36,3,,,0,1
India,Jammu and Kashmir,Rajouri,"Financial Year (Apr - Mar), 2016",221,37,7,,,0,1
India,Jammu and Kashmir,Ramban,"Financial Year (Apr - Mar), 2016",93,19,3,,,0,1
India,Jammu and Kashmir,Reasi,"Financial Year (Apr - Mar), 2016",112,22,2,,,0,1
India,Jammu and Kashmir,Samba,"Financial Year (Apr - Mar), 2016",90,12,3,,,0,1
India,Jammu and Kashmir,Shopian,"Financial Year (Apr - Mar), 2016",60,10,2,,,0,1
India,Jammu and Kashmir,Srinagar,"Financial Year (Apr - Mar), 2016",63,29,1,,,0,1
India,Jammu and Kashmir,Udhampur,"Financial Year (Apr - Mar), 2016",153,36,2,,,0,1
India,Jharkhand,Bokaro,"Financial Year (Apr - Mar), 2016",115,16,8,,,3,1
India,Jharkhand,Chatra,"Financial Year (Apr - Mar), 2016",93,8,6,,,0,1
India,Jharkhand,Deoghar,"Financial Year (Apr - Mar), 2016",180,5,7,,,1,1
India,Jharkhand,Dhanbad,"Financial Year (Apr - Mar), 2016",140,25,8,,,0,1
India,Jharkhand,Dumka,"Financial Year (Apr - Mar), 2016",248,34,11,,,0,1
India,Jharkhand,East Singhbum,"Financial Year (Apr - Mar), 2016",243,16,9,,,1,1
India,Jharkhand,Garhwa,"Financial Year (Apr - Mar), 2016",117,10,7,,,1,1
India,Jharkhand,Giridih,"Financial Year (Apr - Mar), 2016",179,15,12,,,0,1
India,Jharkhand,Godda,"Financial Year (Apr - Mar), 2016",181,9,8,,,0,1
India,Jharkhand,Gumla,"Financial Year (Apr - Mar), 2016",243,1,11,,,0,1
India,Jharkhand,Hazaribagh,"Financial Year (Apr - Mar), 2016",140,13,9,,,1,1
India,Jharkhand,Jamtara,"Financial Year (Apr - Mar), 2016",129,15,4,,,0,1
India,Jharkhand,Khunti,"Financial Year (Apr - Mar), 2016",108,4,6,,,0,1
India,Jharkhand,Koderma,"Financial Year (Apr - Mar), 2016",65,6,5,,,0,1
India,Jharkhand,Latehar,"Financial Year (Apr - Mar), 2016",97,7,7,,,0,1
India,Jharkhand,Lohardaga,"Financial Year (Apr - Mar), 2016",74,10,5,,,0,1
India,Jharkhand,Pakur,"Financial Year (Apr - Mar), 2016",121,9,6,,,0,1
India,Jharkhand,Palamu,"Financial Year (Apr - Mar), 2016",171,22,8,,,2,1
India,Jharkhand,Ramgarh,"Financial Year (Apr - Mar), 2016",54,5,4,,,0,1
India,Jharkhand,Ranchi,"Financial Year (Apr - Mar), 2016",324,26,13,,,1,1
India,Jharkhand,Sahebganj,"Financial Year (Apr - Mar), 2016",136,10,6,,,1,1
India,Jharkhand,Saraikela Kharsawan,"Financial Year (Apr - Mar), 2016",192,10,7,,,1,1
India,Jharkhand,Simdega,"Financial Year (Apr - Mar), 2016",155,7,7,,,0,1
India,Jharkhand,West Singhbhum,"Financial Year (Apr - Mar), 2016",343,14,14,,,1,1
India,Karnataka,Bagalkote,"Financial Year (Apr - Mar), 2016",233,49,8,,,5,1
India,Karnataka,Ballari,"Financial Year (Apr - Mar), 2016",293,73,11,,,6,1
India,Karnataka,Belagavi,"Financial Year (Apr - Mar), 2016",620,148,16,,,9,1
India,Karnataka,Bengaluru Rural,"Financial Year (Apr - Mar), 2016",198,48,2,,,4,0
India,Karnataka,Bengaluru Urban,"Financial Year (Apr - Mar), 2016",279,96,5,,,3,3
India,Karnataka,Bidar,"Financial Year (Apr - Mar), 2016",277,58,8,,,4,1
India,Karnataka,Chamarajanagara,"Financial Year (Apr - Mar), 2016",258,64,3,,,3,1
India,Karnataka,Chikkaballapura,"Financial Year (Apr - Mar), 2016",203,60,2,,,5,1
India,Karnataka,Chikkamagaluru,"Financial Year (Apr - Mar), 2016",368,90,5,,,6,1
India,Karnataka,Chitradurga,"Financial Year (Apr - Mar), 2016",342,82,11,,,5,1
India,Karnataka,Dakshina Kannada,"Financial Year (Apr - Mar), 2016",430,72,8,,,4,2
India,Karnataka,Davangere,"Financial Year (Apr - Mar), 2016",324,101,6,,,5,1
India,Karnataka,Dharwad,"Financial Year (Apr - Mar), 2016",185,45,0,,,3,1
India,Karnataka,Gadag,"Financial Year (Apr - Mar), 2016",187,39,2,,,4,1
India,Karnataka,Hassan,"Financial Year (Apr - Mar), 2016",487,136,15,,,7,1
India,Karnataka,Haveri,"Financial Year (Apr - Mar), 2016",311,69,5,,,6,1
India,Karnataka,Kalaburagi,"Financial Year (Apr - Mar), 2016",337,94,16,,,6,1
India,Karnataka,Kodagu,"Financial Year (Apr - Mar), 2016",196,29,7,,,2,1
India,Karnataka,Kolar,"Financial Year (Apr - Mar), 2016",266,69,2,,,4,1
India,Karnataka,Koppal,"Financial Year (Apr - Mar), 2016",177,49,9,,,3,1
India,Karnataka,Mandya,"Financial Year (Apr - Mar), 2016",410,115,10,,,6,1
India,Karnataka,Mysuru,"Financial Year (Apr - Mar), 2016",510,147,10,,,6,0
India,Karnataka,Raichur,"Financial Year (Apr - Mar), 2016",213,52,6,,,4,1
India,Karnataka,Ramanagara,"Financial Year (Apr - Mar), 2016",249,63,4,,,3,1
India,Karnataka,Shivamogga,"Financial Year (Apr - Mar), 2016",356,110,7,,,6,2
India,Karnataka,Tumakuru,"Financial Year (Apr - Mar), 2016",522,147,4,,,9,1
India,Karnataka,Udupi,"Financial Year (Apr - Mar), 2016",323,62,6,,,2,1
India,Karnataka,Uttara Kannada,"Financial Year (Apr - Mar), 2016",344,83,3,,,10,1
India,Karnataka,Vijayapura,"Financial Year (Apr - Mar), 2016",314,67,9,,,4,1
India,Karnataka,Yadgir,"Financial Year (Apr - Mar), 2016",169,42,6,,,2,1
India,Kerala,Alappuzha,"Financial Year (Apr - Mar), 2016",366,59,16,,,6,2
India,Kerala,Ernakulam,"Financial Year (Apr - Mar), 2016",410,75,23,,,11,1
India,Kerala,Idukki,"Financial Year (Apr - Mar), 2016",308,41,13,,,4,2
India,Kerala,Kannur,"Financial Year (Apr - Mar), 2016",414,83,9,,,9,1
India,Kerala,Kasaragod,"Financial Year (Apr - Mar), 2016",247,40,9,,,2,1
India,Kerala,Kollam,"Financial Year (Apr - Mar), 2016",421,58,17,,,8,1
India,Kerala,Kottayam,"Financial Year (Apr - Mar), 2016",333,55,20,,,3,0
India,Kerala,Kozhikode,"Financial Year (Apr - Mar), 2016",401,64,16,,,7,1
India,Kerala,Malappuram,"Financial Year (Apr - Mar), 2016",578,84,22,,,6,3
India,Kerala,Palakkad,"Financial Year (Apr - Mar), 2016",504,76,19,,,6,1
India,Kerala,Pathanamthitta,"Financial Year (Apr - Mar), 2016",261,42,12,,,4,1
India,Kerala,Thiruvananthapuram,"Financial Year (Apr - Mar), 2016",483,70,23,,,7,2
India,Kerala,Thrissur,"Financial Year (Apr - Mar), 2016",472,79,24,,,6,1
India,Kerala,Wayanad,"Financial Year (Apr - Mar), 2016",182,23,9,,,2,1
India,Ladakh,Kargil,"Financial Year (Apr - Mar), 2016",138,16,4,,,0,1
India,Ladakh,Leh Ladakh,"Financial Year (Apr - Mar), 2016",124,16,3,,,0,1
India,Lakshadweep,Lakshadweep District,"Financial Year (Apr - Mar), 2016",14,4,3,,,2,1
India,Madhya Pradesh,Agar-Malwa,"Financial Year (Apr - Mar), 2016",72,5,3,,,0,1
India,Madhya Pradesh,Alirajpur,"Financial Year (Apr - Mar), 2016",195,15,5,,,0,1
India,Madhya Pradesh,Anuppur,"Financial Year (Apr - Mar), 2016",139,16,7,,,0,1
India,Madhya Pradesh,Ashoknagar,"Financial Year (Apr - Mar), 2016",97,10,4,,,0,1
India,Madhya Pradesh,Balaghat,"Financial Year (Apr - Mar), 2016",289,37,8,,,2,1
India,Madhya Pradesh,Barwani,"Financial Year (Apr - Mar), 2016",294,29,8,,,1,1
India,Madhya Pradesh,Betul,"Financial Year (Apr - Mar), 2016",264,33,10,,,0,1
India,Madhya Pradesh,Bhind,"Financial Year (Apr - Mar), 2016",189,21,5,,,1,1
India,Madhya Pradesh,Bhopal,"Financial Year (Apr - Mar), 2016",63,9,1,,,2,1
India,Madhya Pradesh,Burhanpur,"Financial Year (Apr - Mar), 2016",97,13,4,,,0,1
India,Madhya Pradesh,Chhatarpur,"Financial Year (Apr - Mar), 2016",202,37,10,,,0,1
India,Madhya Pradesh,Chhindwara,"Financial Year (Apr - Mar), 2016",313,67,12,,,4,1
India,Madhya Pradesh,Damoh,"Financial Year (Apr - Mar), 2016",179,15,6,,,1,1
India,Madhya Pradesh,Datia,"Financial Year (Apr - Mar), 2016",96,10,3,,,2,1
India,Madhya Pradesh,Dewas,"Financial Year (Apr - Mar), 2016",180,21,6,,,1,1
India,Madhya Pradesh,Dhar,"Financial Year (Apr - Mar), 2016",393,47,13,,,1,1
India,Madhya Pradesh,Dindori,"Financial Year (Apr - Mar), 2016",180,23,7,,,0,1
India,Madhya Pradesh,Guna,"Financial Year (Apr - Mar), 2016",119,15,5,,,1,1
India,Madhya Pradesh,Gwalior,"Financial Year (Apr - Mar), 2016",101,15,2,,,4,1
India,Madhya Pradesh,Harda,"Financial Year (Apr - Mar), 2016",63,6,3,,,0,1
India,Madhya Pradesh,Indore,"Financial Year (Apr - Mar), 2016",92,25,4,,,3,1
India,Madhya Pradesh,Jabalpur,"Financial Year (Apr - Mar), 2016",189,22,5,,,3,1
India,Madhya Pradesh,Jhabua,"Financial Year (Apr - Mar), 2016",229,19,6,,,1,1
India,Madhya Pradesh,Katni,"Financial Year (Apr - Mar), 2016",159,18,6,,,1,1
India,Madhya Pradesh,Khandwa (East Nimar),"Financial Year (Apr - Mar), 2016",172,32,6,,,0,1
India,Madhya Pradesh,Khargone (West Nimar),"Financial Year (Apr - Mar), 2016",276,54,10,,,2,1
India,Madhya Pradesh,Mandla,"Financial Year (Apr - Mar), 2016",291,32,8,,,1,1
India,Madhya Pradesh,Mandsaur,"Financial Year (Apr - Mar), 2016",159,40,5,,,2,1
India,Madhya Pradesh,Morena,"Financial Year (Apr - Mar), 2016",201,18,6,,,2,1
India,Madhya Pradesh,Narmadapuram,"Financial Year (Apr - Mar), 2016",140,15,6,,,2,1
India,Madhya Pradesh,Narsimhapur,"Financial Year (Apr - Mar), 2016",142,20,6,,,1,1
India,Madhya Pradesh,Neemuch,"Financial Year (Apr - Mar), 2016",104,19,3,,,2,1
India,Madhya Pradesh,Panna,"Financial Year (Apr - Mar), 2016",159,15,6,,,0,1
India,Madhya Pradesh,Raisen,"Financial Year (Apr - Mar), 2016",181,18,5,,,2,1
India,Madhya Pradesh,Rajgarh,"Financial Year (Apr - Mar), 2016",165,27,5,,,3,1
India,Madhya Pradesh,Ratlam,"Financial Year (Apr - Mar), 2016",158,24,5,,,2,1
India,Madhya Pradesh,Rewa,"Financial Year (Apr - Mar), 2016",271,30,10,,,1,1
India,Madhya Pradesh,Sagar,"Financial Year (Apr - Mar), 2016",259,27,10,,,2,1
India,Madhya Pradesh,Satna,"Financial Year (Apr - Mar), 2016",280,43,8,,,2,1
India,Madhya Pradesh,Sehore,"Financial Year (Apr - Mar), 2016",153,18,7,,,1,1
India,Madhya Pradesh,Seoni,"Financial Year (Apr - Mar), 2016",265,30,6,,,1,1
India,Madhya Pradesh,Shahdol,"Financial Year (Apr - Mar), 2016",236,28,7,,,1,1
India,Madhya Pradesh,Shajapur,"Financial Year (Apr - Mar), 2016",103,14,4,,,3,1
India,Madhya Pradesh,Sheopur,"Financial Year (Apr - Mar), 2016",90,9,3,,,0,1
India,Madhya Pradesh,Shivpuri,"Financial Year (Apr - Mar), 2016",191,14,7,,,0,1
India,Madhya Pradesh,Sidhi,"Financial Year (Apr - Mar), 2016",189,25,5,,,0,1
India,Madhya Pradesh,Singrauli,"Financial Year (Apr - Mar), 2016",202,15,6,,,0,1
India,Madhya Pradesh,Tikamgarh,"Financial Year (Apr - Mar), 2016",177,20,7,,,0,1
India,Madhya Pradesh,Ujjain,"Financial Year (Apr - Mar), 2016",172,22,5,,,6,1
India,Madhya Pradesh,Umaria,"Financial Year (Apr - Mar), 2016",116,12,3,,,0,1
India,Madhya Pradesh,Vidisha,"Financial Year (Apr - Mar), 2016",146,22,7,,,2,1
India,Maharashtra,Ahmednagar,"Financial Year (Apr - Mar), 2016",555,96,23,,,2,1
India,Maharashtra,Akola,"Financial Year (Apr - Mar), 2016",178,30,5,,,1,0
India,Maharashtra,Amravati,"Financial Year (Apr - Mar), 2016",333,56,9,,,4,1
India,Maharashtra,Beed,"Financial Year (Apr - Mar), 2016",280,50,10,,,3,1
India,Maharashtra,Bhandara,"Financial Year (Apr - Mar), 2016",193,33,7,,,2,1
India,Maharashtra,Buldhana,"Financial Year (Apr - Mar), 2016",280,52,12,,,2,1
India,Maharashtra,Chandrapur,"Financial Year (Apr - Mar), 2016",339,58,10,,,3,1
India,Maharashtra,Chhatrapati Sambhajinagar,"Financial Year (Apr - Mar), 2016",279,50,10,,,3,0
India,Maharashtra,Dharashiv,"Financial Year (Apr - Mar), 2016",206,42,6,,,3,1
India,Maharashtra,Dhule,"Financial Year (Apr - Mar), 2016",232,41,6,,,2,0
India,Maharashtra,Gadchiroli,"Financial Year (Apr - Mar), 2016",376,45,9,,,3,1
India,Maharashtra,Gondia,"Financial Year (Apr - Mar), 2016",238,40,10,,,1,1
India,Maharashtra,Hingoli,"Financial Year (Apr - Mar), 2016",132,24,3,,,1,1
India,Maharashtra,Jalgaon,"Financial Year (Apr - Mar), 2016",442,77,18,,,3,1
India,Maharashtra,Jalna,"Financial Year (Apr - Mar), 2016",213,40,8,,,1,1
India,Maharashtra,Kolhapur,"Financial Year (Apr - Mar), 2016",413,73,16,,,4,0
India,Maharashtra,Latur,"Financial Year (Apr - Mar), 2016",252,46,10,,,2,0
India,Maharashtra,Nagpur,"Financial Year (Apr - Mar), 2016",316,49,9,,,2,0
India,Maharashtra,Nanded,"Financial Year (Apr - Mar), 2016",377,65,12,,,4,0
India,Maharashtra,Nandurbar,"Financial Year (Apr - Mar), 2016",290,58,12,,,2,1
India,Maharashtra,Nashik,"Financial Year (Apr - Mar), 2016",577,104,23,,,4,1
India,Maharashtra,Palghar,"Financial Year (Apr - Mar), 2016",305,46,10,,,3,0
India,Maharashtra,Parbhani,"Financial Year (Apr - Mar), 2016",214,31,6,,,2,1
India,Maharashtra,Pune,"Financial Year (Apr - Mar), 2016",539,96,20,,,4,1
India,Maharashtra,Raigad,"Financial Year (Apr - Mar), 2016",288,52,8,,,5,1
India,Maharashtra,Ratnagiri,"Financial Year (Apr - Mar), 2016",378,67,8,,,3,1
India,Maharashtra,Sangli,"Financial Year (Apr - Mar), 2016",320,59,13,,,2,0
India,Maharashtra,Satara,"Financial Year (Apr - Mar), 2016",400,71,15,,,2,1
India,Maharashtra,Sindhudurg,"Financial Year (Apr - Mar), 2016",248,38,7,,,3,1
India,Maharashtra,Solapur,"Financial Year (Apr - Mar), 2016",431,77,13,,,3,0
India,Maharashtra,Thane,"Financial Year (Apr - Mar), 2016",188,33,6,,,2,1
India,Maharashtra,Wardha,"Financial Year (Apr - Mar), 2016",181,27,6,,,2,1
India,Maharashtra,Washim,"Financial Year (Apr - Mar), 2016",153,25,7,,,0,1
India,Maharashtra,Yavatmal,"Financial Year (Apr - Mar), 2016",435,63,14,,,3,0
India,Manipur,Bishnupur,"Financial Year (Apr - Mar), 2016",33,7,2,,,0,1
India,Manipur,Chandel,"Financial Year (Apr - Mar), 2016",26,6,1,,,1,1
India,Manipur,Churachandpur,"Financial Year (Apr - Mar), 2016",65,11,1,,,0,1
India,Manipur,Imphal East,"Financial Year (Apr - Mar), 2016",54,11,2,,,0,0
India,Manipur,Imphal West,"Financial Year (Apr - Mar), 2016",51,9,2,,,0,0
India,Manipur,Senapati,"Financial Year (Apr - Mar), 2016",66,14,2,,,0,1
India,Manipur,Tamenglong,"Financial Year (Apr - Mar), 2016",29,6,1,,,0,1
India,Manipur,Thoubal,"Financial Year (Apr - Mar), 2016",57,13,5,,,0,1
India,Manipur,Ukhrul,"Financial Year (Apr - Mar), 2016",40,8,1,,,0,1
India,Meghalaya,East Garo Hills,"Financial Year (Apr - Mar), 2016",31,7,1,,,0,1
India,Meghalaya,East Jaintia Hills,"Financial Year (Apr - Mar), 2016",34,6,2,,,0,0
India,Meghalaya,East Khasi Hills,"Financial Year (Apr - Mar), 2016",64,26,6,,,0,4
India,Meghalaya,North Garo Hills,"Financial Year (Apr - Mar), 2016",50,9,1,,,0,0
India,Meghalaya,Ri Bhoi,"Financial Year (Apr - Mar), 2016",32,8,3,,,0,1
India,Meghalaya,South Garo Hills,"Financial Year (Apr - Mar), 2016",21,6,1,,,0,1
India,Meghalaya,South West Garo Hills,"Financial Year (Apr - Mar), 2016",27,9,1,,,1,0
India,Meghalaya,South West Khasi Hills,"Financial Year (Apr - Mar), 2016",21,2,2,,,0,0
India,Meghalaya,West Garo Hills,"Financial Year (Apr - Mar), 2016",64,9,5,,,0,2
India,Meghalaya,West Jaintia Hills,"Financial Year (Apr - Mar), 2016",46,12,3,,,0,1
India,Meghalaya,West Khasi Hills,"Financial Year (Apr - Mar), 2016",46,15,2,,,0,2
India,Mizoram,Aizawl,"Financial Year (Apr - Mar), 2016",94,12,2,,,1,2
India,Mizoram,Champhai,"Financial Year (Apr - Mar), 2016",59,11,2,,,0,1
India,Mizoram,Kolasib,"Financial Year (Apr - Mar), 2016",26,5,1,,,0,1
India,Mizoram,Lawngtlai,"Financial Year (Apr - Mar), 2016",37,5,1,,,0,1
India,Mizoram,Lunglei,"Financial Year (Apr - Mar), 2016",70,9,1,,,1,1
India,Mizoram,Mamit,"Financial Year (Apr - Mar), 2016",33,6,1,,,0,1
India,Mizoram,Serchhip,"Financial Year (Apr - Mar), 2016",27,5,1,,,0,1
India,Mizoram,Siaha,"Financial Year (Apr - Mar), 2016",24,4,0,,,0,1
India,Nagaland,Dimapur,"Financial Year (Apr - Mar), 2016",47,8,2,,,0,1
India,Nagaland,Kiphire,"Financial Year (Apr - Mar), 2016",19,4,1,,,0,1
India,Nagaland,Kohima,"Financial Year (Apr - Mar), 2016",40,14,3,,,0,1
India,Nagaland,Longleng,"Financial Year (Apr - Mar), 2016",8,3,0,,,0,1
India,Nagaland,Mokokchung,"Financial Year (Apr - Mar), 2016",51,14,3,,,0,1
India,Nagaland,Mon,"Financial Year (Apr - Mar), 2016",50,15,2,,,0,1
India,Nagaland,Peren,"Financial Year (Apr - Mar), 2016",16,8,1,,,0,1
India,Nagaland,Phek,"Financial Year (Apr - Mar), 2016",43,23,3,,,0,1
India,Nagaland,Tuensang,"Financial Year (Apr - Mar), 2016",38,12,2,,,0,1
India,Nagaland,Wokha,"Financial Year (Apr - Mar), 2016",37,12,2,,,0,1
India,Nagaland,Zunheboto,"Financial Year (Apr - Mar), 2016",47,13,2,,,0,1
India,Odisha,Anugul,"Financial Year (Apr - Mar), 2016",166,31,9,,,3,1
India,Odisha,Balangir,"Financial Year (Apr - Mar), 2016",226,44,15,,,2,1
India,Odisha,Baleshwar,"Financial Year (Apr - Mar), 2016",275,68,17,,,1,1
India,Odisha,Bargarh,"Financial Year (Apr - Mar), 2016",204,46,14,,,1,1
India,Odisha,Bhadrak,"Financial Year (Apr - Mar), 2016",178,52,7,,,0,1
India,Odisha,Boudh,"Financial Year (Apr - Mar), 2016",67,12,5,,,0,1
India,Odisha,Cuttack,"Financial Year (Apr - Mar), 2016",332,63,19,,,2,1
India,Odisha,Deogarh,"Financial Year (Apr - Mar), 2016",42,8,4,,,0,1
India,Odisha,Dhenkanal,"Financial Year (Apr - Mar), 2016",167,36,10,,,2,1
India,Odisha,Gajapati,"Financial Year (Apr - Mar), 2016",136,21,8,,,0,1
India,Odisha,Ganjam,"Financial Year (Apr - Mar), 2016",460,89,29,,,3,1
India,Odisha,Jagatsinghapur,"Financial Year (Apr - Mar), 2016",189,37,8,,,0,1
India,Odisha,Jajapur,"Financial Year (Apr - Mar), 2016",260,59,11,,,0,1
India,Odisha,Jharsuguda,"Financial Year (Apr - Mar), 2016",66,16,5,,,0,1
India,Odisha,Kalahandi,"Financial Year (Apr - Mar), 2016",242,45,17,,,1,1
India,Odisha,Kandhamal,"Financial Year (Apr - Mar), 2016",172,40,14,,,1,1
India,Odisha,Kendrapara,"Financial Year (Apr - Mar), 2016",227,46,9,,,0,1
India,Odisha,Kendujhar,"Financial Year (Apr - Mar), 2016",351,66,16,,,2,1
India,Odisha,Khordha,"Financial Year (Apr - Mar), 2016",202,52,11,,,0,2
India,Odisha,Koraput,"Financial Year (Apr - Mar), 2016",307,48,15,,,1,1
India,Odisha,Malkangiri,"Financial Year (Apr - Mar), 2016",158,28,8,,,0,1
India,Odisha,Mayurbhanj,"Financial Year (Apr - Mar), 2016",589,86,28,,,3,1
India,Odisha,Nayagarh,"Financial Year (Apr - Mar), 2016",166,37,12,,,1,1
India,Odisha,Nuapada,"Financial Year (Apr - Mar), 2016",384,57,17,,,0,2
India,Odisha,Puri,"Financial Year (Apr - Mar), 2016",241,48,17,,,0,1
India,Odisha,Rayagada,"Financial Year (Apr - Mar), 2016",235,38,11,,,1,1
India,Odisha,Sambalpur,"Financial Year (Apr - Mar), 2016",167,28,10,,,2,1
India,Odisha,Sonepur,"Financial Year (Apr - Mar), 2016",89,20,5,,,1,1
India,Odisha,Sundargarh,"Financial Year (Apr - Mar), 2016",390,59,19,,,1,2
India,Puducherry,Karaikal,"Financial Year (Apr - Mar), 2016",17,11,1,,,0,1
India,Puducherry,Mahe,"Financial Year (Apr - Mar), 2016",4,1,1,,,0,1
India,Puducherry,Pondicherry,"Financial Year (Apr - Mar), 2016",56,28,2,,,0,2
India,Puducherry,Yanam,"Financial Year (Apr - Mar), 2016",4,0,0,,,0,1
India,Punjab,Amritsar,"Financial Year (Apr - Mar), 2016",179,34,6,,,2,1
India,Punjab,Barnala,"Financial Year (Apr - Mar), 2016",71,10,4,,,1,1
India,Punjab,Bathinda,"Financial Year (Apr - Mar), 2016",136,19,9,,,3,1
India,Punjab,Faridkot,"Financial Year (Apr - Mar), 2016",62,8,4,,,1,1
India,Punjab,Fatehgarh Sahib,"Financial Year (Apr - Mar), 2016",73,13,5,,,1,1
India,Punjab,Fazilka,"Financial Year (Apr - Mar), 2016",109,19,6,,,1,1
India,Punjab,Ferozepur,"Financial Year (Apr - Mar), 2016",122,17,4,,,1,1
India,Punjab,Gurdaspur,"Financial Year (Apr - Mar), 2016",222,31,13,,,1,1
India,Punjab,Hoshiarpur,"Financial Year (Apr - Mar), 2016",244,32,12,,,3,1
India,Punjab,Jalandhar,"Financial Year (Apr - Mar), 2016",198,28,12,,,2,1
India,Punjab,Kapurthala,"Financial Year (Apr - Mar), 2016",88,12,5,,,3,1
India,Punjab,Ludhiana,"Financial Year (Apr - Mar), 2016",265,31,11,,,4,1
India,Punjab,Mansa,"Financial Year (Apr - Mar), 2016",103,14,4,,,2,1
India,Punjab,Moga,"Financial Year (Apr - Mar), 2016",122,21,6,,,0,1
India,Punjab,Pathankot,"Financial Year (Apr - Mar), 2016",69,9,4,,,0,1
India,Punjab,Patiala,"Financial Year (Apr - Mar), 2016",185,28,9,,,3,1
India,Punjab,Rupnagar,"Financial Year (Apr - Mar), 2016",85,12,5,,,1,1
India,Punjab,S.A.S Nagar,"Financial Year (Apr - Mar), 2016",76,12,5,,,2,1
India,Punjab,Sangrur,"Financial Year (Apr - Mar), 2016",192,28,8,,,4,1
India,Punjab,Shahid Bhagat Singh Nagar,"Financial Year (Apr - Mar), 2016",95,17,3,,,1,1
India,Punjab,Sri Muktsar Sahib,"Financial Year (Apr - Mar), 2016",102,19,5,,,3,1
India,Punjab,Tarn Taran,"Financial Year (Apr - Mar), 2016",152,18,11,,,2,1
India,Rajasthan,Ajmer,"Financial Year (Apr - Mar), 2016",400,63,20,,,3,2
India,Rajasthan,Alwar,"Financial Year (Apr - Mar), 2016",762,120,36,,,0,1
India,Rajasthan,Banswara,"Financial Year (Apr - Mar), 2016",471,53,21,,,0,1
India,Rajasthan,Baran,"Financial Year (Apr - Mar), 2016",277,48,13,,,0,1
India,Rajasthan,Barmer,"Financial Year (Apr - Mar), 2016",764,93,22,,,1,1
India,Rajasthan,Bharatpur,"Financial Year (Apr - Mar), 2016",417,67,17,,,0,1
India,Rajasthan,Bhilwara,"Financial Year (Apr - Mar), 2016",540,72,25,,,0,1
India,Rajasthan,Bikaner,"Financial Year (Apr - Mar), 2016",448,55,14,,,0,1
India,Rajasthan,Bundi,"Financial Year (Apr - Mar), 2016",215,30,12,,,0,1
India,Rajasthan,Chittorgarh,"Financial Year (Apr - Mar), 2016",398,47,21,,,1,1
India,Rajasthan,Churu,"Financial Year (Apr - Mar), 2016",468,86,16,,,2,1
India,Rajasthan,Dausa,"Financial Year (Apr - Mar), 2016",340,44,15,,,0,1
India,Rajasthan,Dholpur,"Financial Year (Apr - Mar), 2016",233,28,7,,,1,1
India,Rajasthan,Dungarpur,"Financial Year (Apr - Mar), 2016",374,55,15,,,1,1
India,Rajasthan,Ganganagar,"Financial Year (Apr - Mar), 2016",439,54,17,,,0,1
India,Rajasthan,Hanumangarh,"Financial Year (Apr - Mar), 2016",380,54,14,,,0,1
India,Rajasthan,Jaipur,"Financial Year (Apr - Mar), 2016",678,118,31,,,1,1
India,Rajasthan,Jaisalmer,"Financial Year (Apr - Mar), 2016",169,24,8,,,0,1
India,Rajasthan,Jalore,"Financial Year (Apr - Mar), 2016",430,69,10,,,0,1
India,Rajasthan,Jhalawar,"Financial Year (Apr - Mar), 2016",341,42,15,,,0,0
India,Rajasthan,Jhunjhunu,"Financial Year (Apr - Mar), 2016",641,109,26,,,1,1
India,Rajasthan,Jodhpur,"Financial Year (Apr - Mar), 2016",677,81,25,,,0,2
India,Rajasthan,Karauli,"Financial Year (Apr - Mar), 2016",297,35,10,,,1,1
India,Rajasthan,Kota,"Financial Year (Apr - Mar), 2016",216,40,13,,,0,1
India,Rajasthan,Nagaur,"Financial Year (Apr - Mar), 2016",854,121,28,,,2,1
India,Rajasthan,Pali,"Financial Year (Apr - Mar), 2016",489,80,21,,,1,1
India,Rajasthan,Pratapgarh,"Financial Year (Apr - Mar), 2016",212,29,8,,,0,1
India,Rajasthan,Rajsamand,"Financial Year (Apr - Mar), 2016",275,44,12,,,1,1
India,Rajasthan,Sawai Madhopur,"Financial Year (Apr - Mar), 2016",291,35,12,,,1,1
India,Rajasthan,Sikar,"Financial Year (Apr - Mar), 2016",693,99,30,,,1,1
India,Rajasthan,Sirohi,"Financial Year (Apr - Mar), 2016",233,29,9,,,0,1
India,Rajasthan,Tonk,"Financial Year (Apr - Mar), 2016",308,59,9,,,0,1
India,Rajasthan,Udaipur,"Financial Year (Apr - Mar), 2016",676,96,27,,,1,1
India,Sikkim,Gangtok,"Financial Year (Apr - Mar), 2016",48,6,1,,,0,1
India,Sikkim,Gyalshing,"Financial Year (Apr - Mar), 2016",41,7,0,,,0,1
India,Sikkim,Mangan,"Financial Year (Apr - Mar), 2016",19,5,0,,,0,1
India,Sikkim,Namchi,"Financial Year (Apr - Mar), 2016",39,6,1,,,0,1
India,Tamil Nadu,Ariyalur,"Financial Year (Apr - Mar), 2016",117,32,6,,,3,1
India,Tamil Nadu,Chennai,"Financial Year (Apr - Mar), 2016",0,138,0,,,3,0
India,Tamil Nadu,Coimbatore,"Financial Year (Apr - Mar), 2016",328,74,12,,,13,1
India,Tamil Nadu,Cuddalore,"Financial Year (Apr - Mar), 2016",319,57,13,,,8,1
India,Tamil Nadu,Dharmapuri,"Financial Year (Apr - Mar), 2016",218,42,8,,,3,1
India,Tamil Nadu,Dindigul,"Financial Year (Apr - Mar), 2016",311,57,14,,,12,1
India,Tamil Nadu,Erode,"Financial Year (Apr - Mar), 2016",311,60,14,,,7,1
India,Tamil Nadu,Kanchipuram,"Financial Year (Apr - Mar), 2016",364,64,13,,,9,1
India,Tamil Nadu,Kanniyakumari,"Financial Year (Apr - Mar), 2016",267,38,9,,,8,1
India,Tamil Nadu,Karur,"Financial Year (Apr - Mar), 2016",168,29,8,,,6,1
India,Tamil Nadu,Krishnagiri,"Financial Year (Apr - Mar), 2016",238,51,10,,,6,1
India,Tamil Nadu,Madurai,"Financial Year (Apr - Mar), 2016",314,73,13,,,6,1
India,Tamil Nadu,Nagapattinam,"Financial Year (Apr - Mar), 2016",258,47,11,,,11,1
India,Tamil Nadu,Namakkal,"Financial Year (Apr - Mar), 2016",240,46,15,,,8,1
India,Tamil Nadu,Perambalur,"Financial Year (Apr - Mar), 2016",90,24,4,,,3,1
India,Tamil Nadu,Pudukkottai,"Financial Year (Apr - Mar), 2016",242,56,13,,,13,1
India,Tamil Nadu,Ramanathapuram,"Financial Year (Apr - Mar), 2016",244,47,11,,,9,1
India,Tamil Nadu,Salem,"Financial Year (Apr - Mar), 2016",398,83,20,,,11,1
India,Tamil Nadu,Sivaganga,"Financial Year (Apr - Mar), 2016",275,39,12,,,16,1
India,Tamil Nadu,Thanjavur,"Financial Year (Apr - Mar), 2016",309,62,14,,,13,1
India,Tamil Nadu,The Nilgiris,"Financial Year (Apr - Mar), 2016",194,32,4,,,5,1
India,Tamil Nadu,Theni,"Financial Year (Apr - Mar), 2016",162,33,8,,,5,1
India,Tamil Nadu,Thiruvallur,"Financial Year (Apr - Mar), 2016",303,50,14,,,10,1
India,Tamil Nadu,Thiruvarur,"Financial Year (Apr - Mar), 2016",195,38,10,,,7,1
India,Tamil Nadu,Tiruchirappalli,"Financial Year (Apr - Mar), 2016",307,70,14,,,9,1
India,Tamil Nadu,Tirunelveli,"Financial Year (Apr - Mar), 2016",379,84,19,,,16,1
India,Tamil Nadu,Tiruppur,"Financial Year (Apr - Mar), 2016",242,53,13,,,9,1
India,Tamil Nadu,Tiruvannamalai,"Financial Year (Apr - Mar), 2016",410,79,18,,,9,1
India,Tamil Nadu,Tuticorin,"Financial Year (Apr - Mar), 2016",253,47,12,,,8,1
India,Tamil Nadu,Vellore,"Financial Year (Apr - Mar), 2016",454,97,20,,,12,1
India,Tamil Nadu,Villupuram,"Financial Year (Apr - Mar), 2016",557,86,22,,,11,1
India,Tamil Nadu,Virudhunagar,"Financial Year (Apr - Mar), 2016",245,47,11,,,10,1
India,Telangana,Adilabad,"Financial Year (Apr - Mar), 2016",132,22,3,,,0,0
India,Telangana,Bhadradri Kothagudem,"Financial Year (Apr - Mar), 2016",240,29,6,,,2,0
India,Telangana,Hanumakonda,"Financial Year (Apr - Mar), 2016",82,11,2,,,0,0
India,Telangana,Hyderabad,"Financial Year (Apr - Mar), 2016",53,85,6,,,3,1
India,Telangana,Jangoan,"Financial Year (Apr - Mar), 2016",122,13,3,,,1,0
India,Telangana,Jayashankar Bhupalapally,"Financial Year (Apr - Mar), 2016",179,25,5,,,0,0
India,Telangana,Jogulamba Gadwal,"Financial Year (Apr - Mar), 2016",93,9,1,,,1,0
India,Telangana,Kamareddy,"Financial Year (Apr - Mar), 2016",201,19,6,,,2,0
India,Telangana,Karimnagar,"Financial Year (Apr - Mar), 2016",142,16,3,,,0,1
India,Telangana,Khammam,"Financial Year (Apr - Mar), 2016",224,22,4,,,0,1
India,Telangana,Kumuram Bheem Asifabad,"Financial Year (Apr - Mar), 2016",109,18,5,,,0,0
India,Telangana,Mahabubabad,"Financial Year (Apr - Mar), 2016",168,18,4,,,1,0
India,Telangana,Mahabubnagar,"Financial Year (Apr - Mar), 2016",218,28,4,,,1,1
India,Telangana,Medak,"Financial Year (Apr - Mar), 2016",160,19,2,,,1,0
India,Telangana,Medchal Malkajgiri,"Financial Year (Apr - Mar), 2016",105,11,2,,,0,0
India,Telangana,Nagarkurnool,"Financial Year (Apr - Mar), 2016",179,24,3,,,1,0
India,Telangana,Nalgonda,"Financial Year (Apr - Mar), 2016",257,32,2,,,2,1
India,Telangana,Nirmal,"Financial Year (Apr - Mar), 2016",110,16,2,,,2,0
India,Telangana,Nizamabad,"Financial Year (Apr - Mar), 2016",224,22,8,,,1,0
India,Telangana,Rajanna Sircilla,"Financial Year (Apr - Mar), 2016",91,13,2,,,1,0
India,Telangana,Ranga Reddy,"Financial Year (Apr - Mar), 2016",232,35,8,,,2,0
India,Telangana,Sangareddy,"Financial Year (Apr - Mar), 2016",198,30,4,,,2,1
India,Telangana,Siddipet,"Financial Year (Apr - Mar), 2016",190,32,4,,,1,0
India,Telangana,Suryapet,"Financial Year (Apr - Mar), 2016",172,23,2,,,2,0
India,Telangana,Unknown Districts Of India,"Financial Year (Apr - Mar), 2016",386,48,11,,,3,0
India,Telangana,Vikarabad,"Financial Year (Apr - Mar), 2016",156,22,4,,,0,1
India,Telangana,Wanaparthy,"Financial Year (Apr - Mar), 2016",99,12,2,,,1,0
India,Telangana,Warangal,"Financial Year (Apr - Mar), 2016",146,17,3,,,0,0
India,Telangana,Yadadri Bhuvanagiri,"Financial Year (Apr - Mar), 2016",129,18,3,,,1,0
India,The Dadra and Nagar Haveli and Daman and Diu,Dadra and Nagar Haveli,"Financial Year (Apr - Mar), 2016",71,9,2,,,1,1
India,The Dadra and Nagar Haveli and Daman and Diu,Daman,"Financial Year (Apr - Mar), 2016",20,3,1,,,0,1
India,The Dadra and Nagar Haveli and Daman and Diu,Diu,"Financial Year (Apr - Mar), 2016",6,1,1,,,0,1
India,Tripura,Dhalai,"Financial Year (Apr - Mar), 2016",130,14,2,,,3,1
India,Tripura,Gomati,"Financial Year (Apr - Mar), 2016",143,10,3,,,2,1
India,Tripura,Khowai,"Financial Year (Apr - Mar), 2016",110,7,2,,,0,1
India,Tripura,North Tripura,"Financial Year (Apr - Mar), 2016",95,13,3,,,1,1
India,Tripura,Sepahijala,"Financial Year (Apr - Mar), 2016",145,12,4,,,2,0
India,Tripura,South Tripura,"Financial Year (Apr - Mar), 2016",150,17,4,,,2,1
India,Tripura,Unakoti,"Financial Year (Apr - Mar), 2016",74,9,1,,,1,1
India,Tripura,Unknown Districts Of India,"Financial Year (Apr - Mar), 2016",140,11,2,,,0,2
India,Uttar Pradesh,Agra,"Financial Year (Apr - Mar), 2016",383,60,16,,,0,2
India,Uttar Pradesh,Aligarh,"Financial Year (Apr - Mar), 2016",351,46,13,,,0,3
India,Uttar Pradesh,Ambedkar Nagar,"Financial Year (Apr - Mar), 2016",232,36,9,,,0,1
India,Uttar Pradesh,Amethi,"Financial Year (Apr - Mar), 2016",271,43,13,,,0,0
India,Uttar Pradesh,Amroha,"Financial Year (Apr - Mar), 2016",172,29,8,,,0,2
India,Uttar Pradesh,Auraiya,"Financial Year (Apr - Mar), 2016",164,33,7,,,0,1
India,Uttar Pradesh,Ayodhya,"Financial Year (Apr - Mar), 2016",255,39,12,,,0,3
India,Uttar Pradesh,Azamgarh,"Financial Year (Apr - Mar), 2016",490,104,22,,,0,2
India,Uttar Pradesh,Baghpat,"Financial Year (Apr - Mar), 2016",200,27,7,,,0,1
India,Uttar Pradesh,Bahraich,"Financial Year (Apr - Mar), 2016",310,63,14,,,0,2
India,Uttar Pradesh,Balrampur,"Financial Year (Apr - Mar), 2016",214,39,9,,,0,2
India,Uttar Pradesh,Banda,"Financial Year (Apr - Mar), 2016",285,54,8,,,0,2
India,Uttar Pradesh,Barabanki,"Financial Year (Apr - Mar), 2016",353,68,17,,,0,2
India,Uttar Pradesh,Bareilly,"Financial Year (Apr - Mar), 2016",413,64,14,,,0,3
India,Uttar Pradesh,Basti,"Financial Year (Apr - Mar), 2016",267,48,11,,,0,4
India,Uttar Pradesh,Bhadohi,"Financial Year (Apr - Mar), 2016",155,21,6,,,0,2
India,Uttar Pradesh,Bijnor,"Financial Year (Apr - Mar), 2016",353,55,11,,,0,2
India,Uttar Pradesh,Budaun,"Financial Year (Apr - Mar), 2016",370,55,14,,,0,2
India,Uttar Pradesh,Bulandshahr,"Financial Year (Apr - Mar), 2016",390,72,13,,,0,4
India,Uttar Pradesh,Chandauli,"Financial Year (Apr - Mar), 2016",244,33,9,,,0,2
India,Uttar Pradesh,Chitrakoot,"Financial Year (Apr - Mar), 2016",140,34,6,,,0,1
India,Uttar Pradesh,Deoria,"Financial Year (Apr - Mar), 2016",364,79,16,,,0,2
India,Uttar Pradesh,Etah,"Financial Year (Apr - Mar), 2016",175,36,4,,,0,2
India,Uttar Pradesh,Etawah,"Financial Year (Apr - Mar), 2016",169,36,8,,,0,3
India,Uttar Pradesh,Farrukhabad,"Financial Year (Apr - Mar), 2016",192,33,8,,,0,2
India,Uttar Pradesh,Fatehpur,"Financial Year (Apr - Mar), 2016",309,49,10,,,0,2
India,Uttar Pradesh,Firozabad,"Financial Year (Apr - Mar), 2016",240,61,9,,,0,3
India,Uttar Pradesh,Gautam Buddha Nagar,"Financial Year (Apr - Mar), 2016",107,22,5,,,0,1
India,Uttar Pradesh,Ghaziabad,"Financial Year (Apr - Mar), 2016",144,20,4,,,0,3
India,Uttar Pradesh,Ghazipur,"Financial Year (Apr - Mar), 2016",393,73,16,,,0,2
India,Uttar Pradesh,Gonda,"Financial Year (Apr - Mar), 2016",338,66,16,,,0,2
India,Uttar Pradesh,Gorakhpur,"Financial Year (Apr - Mar), 2016",448,77,18,,,0,2
India,Uttar Pradesh,Hamirpur,"Financial Year (Apr - Mar), 2016",215,41,8,,,0,2
India,Uttar Pradesh,Hapur,"Financial Year (Apr - Mar), 2016",148,24,5,,,0,0
India,Uttar Pradesh,Hardoi,"Financial Year (Apr - Mar), 2016",432,73,17,,,0,2
India,Uttar Pradesh,Hathras,"Financial Year (Apr - Mar), 2016",147,32,7,,,0,3
India,Uttar Pradesh,Jalaun,"Financial Year (Apr - Mar), 2016",286,39,8,,,0,2
India,Uttar Pradesh,Jaunpur,"Financial Year (Apr - Mar), 2016",499,92,22,,,0,3
India,Uttar Pradesh,Jhansi,"Financial Year (Apr - Mar), 2016",326,44,6,,,0,2
India,Uttar Pradesh,Kannauj,"Financial Year (Apr - Mar), 2016",188,37,11,,,0,1
India,Uttar Pradesh,Kanpur Dehat,"Financial Year (Apr - Mar), 2016",217,36,11,,,0,2
India,Uttar Pradesh,Kanpur Nagar,"Financial Year (Apr - Mar), 2016",390,51,10,,,0,4
India,Uttar Pradesh,Kasganj,"Financial Year (Apr - Mar), 2016",170,36,5,,,0,1
India,Uttar Pradesh,Kaushambi,"Financial Year (Apr - Mar), 2016",170,36,7,,,0,1
India,Uttar Pradesh,Kheri,"Financial Year (Apr - Mar), 2016",387,70,15,,,0,2
India,Uttar Pradesh,Kushi Nagar,"Financial Year (Apr - Mar), 2016",339,67,14,,,0,1
India,Uttar Pradesh,Lalitpur,"Financial Year (Apr - Mar), 2016",191,29,5,,,0,2
India,Uttar Pradesh,Lucknow,"Financial Year (Apr - Mar), 2016",336,40,11,,,0,11
India,Uttar Pradesh,Mahoba,"Financial Year (Apr - Mar), 2016",140,19,4,,,0,2
India,Uttar Pradesh,Mahrajganj,"Financial Year (Apr - Mar), 2016",278,47,14,,,0,1
India,Uttar Pradesh,Mainpuri,"Financial Year (Apr - Mar), 2016",203,55,9,,,0,2
India,Uttar Pradesh,Mathura,"Financial Year (Apr - Mar), 2016",261,37,12,,,0,3
India,Uttar Pradesh,Mau,"Financial Year (Apr - Mar), 2016",225,45,6,,,0,2
India,Uttar Pradesh,Meerut,"Financial Year (Apr - Mar), 2016",293,44,12,,,0,2
India,Uttar Pradesh,Mirzapur,"Financial Year (Apr - Mar), 2016",265,50,13,,,0,2
India,Uttar Pradesh,Moradabad,"Financial Year (Apr - Mar), 2016",286,37,6,,,0,2
India,Uttar Pradesh,Muzaffarnagar,"Financial Year (Apr - Mar), 2016",286,49,9,,,0,2
India,Uttar Pradesh,Pilibhit,"Financial Year (Apr - Mar), 2016",195,29,7,,,0,2
India,Uttar Pradesh,Pratapgarh,"Financial Year (Apr - Mar), 2016",360,66,29,,,0,2
India,Uttar Pradesh,Prayagraj,"Financial Year (Apr - Mar), 2016",539,81,20,,,0,5
India,Uttar Pradesh,Rae Bareli,"Financial Year (Apr - Mar), 2016",277,69,18,,,0,2
India,Uttar Pradesh,Rampur,"Financial Year (Apr - Mar), 2016",211,32,5,,,0,2
India,Uttar Pradesh,Saharanpur,"Financial Year (Apr - Mar), 2016",338,53,14,,,0,3
India,Uttar Pradesh,Sambhal,"Financial Year (Apr - Mar), 2016",131,34,9,,,0,1
India,Uttar Pradesh,Sant Kabir Nagar,"Financial Year (Apr - Mar), 2016",182,26,6,,,0,1
India,Uttar Pradesh,Shahjahanpur,"Financial Year (Apr - Mar), 2016",310,50,14,,,0,2
India,Uttar Pradesh,Shamli,"Financial Year (Apr - Mar), 2016",130,31,5,,,0,0
India,Uttar Pradesh,Shrawasti,"Financial Year (Apr - Mar), 2016",133,17,6,,,0,1
India,Uttar Pradesh,Siddharth Nagar,"Financial Year (Apr - Mar), 2016",274,73,12,,,0,1
India,Uttar Pradesh,Sitapur,"Financial Year (Apr - Mar), 2016",448,87,20,,,0,2
India,Uttar Pradesh,Sonbhadra,"Financial Year (Apr - Mar), 2016",165,45,6,,,0,1
India,Uttar Pradesh,Sultanpur,"Financial Year (Apr - Mar), 2016",232,57,14,,,0,2
India,Uttar Pradesh,Unknown Districts Of India,"Financial Year (Apr - Mar), 2016",367,83,15,,,0,2
India,Uttar Pradesh,Unnao,"Financial Year (Apr - Mar), 2016",348,53,14,,,0,2
India,Uttar Pradesh,Varanasi,"Financial Year (Apr - Mar), 2016",312,30,8,,,0,5
India,Uttarakhand,Almora,"Financial Year (Apr - Mar), 2016",206,28,4,,,2,2
India,Uttarakhand,Bageshwar,"Financial Year (Apr - Mar), 2016",84,12,2,,,0,1
India,Uttarakhand,Chamoli,"Financial Year (Apr - Mar), 2016",110,13,5,,,0,1
India,Uttarakhand,Champawat,"Financial Year (Apr - Mar), 2016",68,6,2,,,1,1
India,Uttarakhand,Dehradun,"Financial Year (Apr - Mar), 2016",175,23,7,,,4,2
India,Uttarakhand,Haridwar,"Financial Year (Apr - Mar), 2016",160,28,6,,,1,2
India,Uttarakhand,Nainital,"Financial Year (Apr - Mar), 2016",143,19,8,,,4,2
India,Uttarakhand,Pauri Garhwal,"Financial Year (Apr - Mar), 2016",239,32,5,,,3,2
India,Uttarakhand,Pithoragarh,"Financial Year (Apr - Mar), 2016",155,18,4,,,0,2
India,Uttarakhand,Rudra Prayag,"Financial Year (Apr - Mar), 2016",68,13,2,,,0,1
India,Uttarakhand,Tehri Garhwal,"Financial Year (Apr - Mar), 2016",204,28,5,,,1,1
India,Uttarakhand,Udam Singh Nagar,"Financial Year (Apr - Mar), 2016",153,27,6,,,1,1
India,Uttarakhand,Uttar Kashi,"Financial Year (Apr - Mar), 2016",82,10,4,,,0,2
India,West Bengal,Alipurduar,"Financial Year (Apr - Mar), 2016",236,13,7,,,0,1
India,West Bengal,Bankura,"Financial Year (Apr - Mar), 2016",564,69,22,,,1,1
India,West Bengal,Birbhum,"Financial Year (Apr - Mar), 2016",484,58,19,,,1,2
India,West Bengal,Coochbehar,"Financial Year (Apr - Mar), 2016",406,29,12,,,4,1
India,West Bengal,Dakshin Dinajpur,"Financial Year (Apr - Mar), 2016",248,18,8,,,1,1
India,West Bengal,Darjeeling,"Financial Year (Apr - Mar), 2016",230,22,12,,,2,2
India,West Bengal,Hooghly,"Financial Year (Apr - Mar), 2016",672,62,18,,,3,1
India,West Bengal,Howrah,"Financial Year (Apr - Mar), 2016",448,43,15,,,1,1
India,West Bengal,Jalpaiguri,"Financial Year (Apr - Mar), 2016",301,26,7,,,1,1
India,West Bengal,Malda,"Financial Year (Apr - Mar), 2016",511,34,16,,,1,0
India,West Bengal,Murshidabad,"Financial Year (Apr - Mar), 2016",832,70,27,,,4,0
India,West Bengal,Nadia,"Financial Year (Apr - Mar), 2016",469,47,17,,,2,1
India,West Bengal,North 24 Parganas,"Financial Year (Apr - Mar), 2016",742,51,22,,,3,2
India,West Bengal,Paschim Medinipur,"Financial Year (Apr - Mar), 2016",858,83,29,,,2,1
India,West Bengal,Purba Bardhaman,"Financial Year (Apr - Mar), 2016",765,105,35,,,3,1
India,West Bengal,Purba Medinipur,"Financial Year (Apr - Mar), 2016",706,51,24,,,3,2
India,West Bengal,Purulia,"Financial Year (Apr - Mar), 2016",485,54,20,,,1,1
India,West Bengal,South 24 Parganas,"Financial Year (Apr - Mar), 2016",1068,60,30,,,3,2
India,West Bengal,Uttar Dinajpur,"Financial Year (Apr - Mar), 2016",344,19,9,,,1,1
